frame,unique_id,aligned_x,aligned_y
36,c1_1,0.3616,1.0734
39,c1_1,0.3572,1.0706
40,c1_1,0.3524,1.0683
41,c1_1,0.3505,1.0659
42,c1_1,0.3503,1.0652
43,c1_1,0.3458,1.0628
44,c1_1,0.3185,1.0574
45,c1_1,0.2848,1.0499
46,c1_1,0.2577,1.0424
47,c1_1,0.2388,1.0344
48,c1_1,0.2285,1.0257
49,c1_1,0.2229,1.0166
50,c1_1,0.222,1.0058
51,c1_1,0.2285,0.9926
52,c1_1,0.2403,0.9779
53,c1_1,0.2533,0.9616
54,c1_1,0.2643,0.9442
55,c1_1,0.2721,0.926
56,c1_1,0.2777,0.908
57,c1_1,0.283,0.8909
58,c1_1,0.2873,0.8752
59,c1_1,0.2947,0.8585
60,c1_1,0.3056,0.8426
61,c1_1,0.3203,0.8277
62,c1_1,0.338,0.814
63,c1_1,0.3559,0.8008
64,c1_1,0.3721,0.7872
65,c1_1,0.384,0.7729
66,c1_1,0.3936,0.7584
67,c1_1,0.4023,0.7437
68,c1_1,0.4076,0.729
69,c1_1,0.4114,0.7146
70,c1_1,0.4148,0.7006
71,c1_1,0.4175,0.6874
72,c1_1,0.419,0.6751
73,c1_1,0.4192,0.6637
74,c1_1,0.4192,0.6526
75,c1_1,0.4198,0.6422
76,c1_1,0.4211,0.6325
77,c1_1,0.4236,0.6236
78,c1_1,0.4288,0.6154
79,c1_1,0.436,0.6077
80,c1_1,0.4457,0.6008
81,c1_1,0.457,0.5944
82,c1_1,0.474,0.5883
83,c1_1,0.4959,0.5824
84,c1_1,0.5238,0.5772
85,c1_1,0.5563,0.5723
86,c1_1,0.5899,0.5679
87,c1_1,0.6237,0.5639
88,c1_1,0.6507,0.5595
89,c1_1,0.672,0.5552
90,c1_1,0.6882,0.5507
91,c1_1,0.7015,0.5462
92,c1_1,0.7125,0.5413
93,c1_1,0.7211,0.5358
94,c1_1,0.7283,0.5293
95,c1_1,0.7342,0.5222
96,c1_1,0.7397,0.5146
97,c1_1,0.7462,0.5065
98,c1_1,0.7545,0.4987
99,c1_1,0.7661,0.491
100,c1_1,0.7842,0.4832
101,c1_1,0.8044,0.4752
102,c1_1,0.8355,0.4673
103,c1_1,0.8752,0.4593
104,c1_1,0.9173,0.4518
105,c1_1,0.957,0.4449
106,c1_1,0.9898,0.4387
107,c1_1,1.0164,0.4331
108,c1_1,1.0364,0.4283
109,c1_1,1.0515,0.4241
109,c1_2,5.5575,1.1012
110,c1_1,1.0614,0.4207
110,c1_2,5.5584,1.1009
111,c1_1,1.0683,0.418
111,c1_2,5.5496,1.099
112,c1_1,1.0722,0.4159
112,c1_2,5.5215,1.0939
113,c1_1,1.0753,0.4146
113,c1_2,5.4834,1.0868
114,c1_1,1.0786,0.4141
114,c1_2,5.4513,1.0794
115,c1_1,1.0851,0.4143
115,c1_2,5.4083,1.0712
116,c1_1,1.0962,0.4154
116,c1_2,5.4227,1.0657
116,c1_3,8.2494,1.2319
117,c1_1,1.1128,0.4179
117,c1_2,5.3911,1.0543
118,c1_1,1.1364,0.4209
118,c1_2,5.3327,1.0401
119,c1_1,1.172,0.4241
119,c1_2,5.3209,1.0284
120,c1_1,1.2133,0.4273
120,c1_2,5.3142,1.0177
121,c1_1,1.2566,0.4307
121,c1_2,5.3615,1.0097
122,c1_1,1.2979,0.4336
122,c1_2,5.4497,1.0047
123,c1_1,1.333,0.4364
123,c1_2,5.5912,1.0031
124,c1_1,1.3615,0.4388
124,c1_2,5.8793,1.0103
125,c1_1,1.3825,0.4409
125,c1_2,6.2053,1.0186
126,c1_1,1.3977,0.4427
126,c1_2,6.5204,1.0244
127,c1_1,1.409,0.4445
127,c1_2,6.808,1.0262
128,c1_1,1.4166,0.4456
128,c1_2,7.0661,1.026
129,c1_1,1.4225,0.4458
129,c1_2,7.2805,1.0238
130,c1_1,1.4283,0.4449
130,c1_2,7.4497,1.0186
131,c1_1,1.4348,0.4429
131,c1_2,7.5886,1.0109
132,c1_1,1.4414,0.4401
132,c1_2,7.7014,1.0017
133,c1_1,1.449,0.4367
133,c1_2,7.7862,0.99
134,c1_1,1.4579,0.4328
134,c1_2,7.8602,0.9775
135,c1_1,1.4694,0.4285
135,c1_2,7.9193,0.9646
136,c1_1,1.4837,0.424
136,c1_2,7.9607,0.9516
137,c1_1,1.507,0.4193
137,c1_2,7.9909,0.9383
138,c1_1,1.5397,0.4139
138,c1_2,8.0006,0.924
139,c1_1,1.5818,0.4081
139,c1_2,7.9715,0.9107
140,c1_1,1.6271,0.4024
140,c1_2,7.95,0.8984
141,c1_1,1.6693,0.3972
141,c1_2,7.8647,0.8833
142,c1_1,1.7067,0.3927
142,c1_2,7.5775,0.8612
143,c1_1,1.7351,0.3889
143,c1_2,7.2691,0.839
144,c1_1,1.759,0.3857
144,c1_2,7.0997,0.8216
145,c1_1,1.7784,0.3829
145,c1_2,6.8928,0.8026
146,c1_1,1.7928,0.3811
146,c1_2,6.8809,0.7856
147,c1_1,1.8049,0.3802
147,c1_2,6.9694,0.7702
148,c1_1,1.8179,0.3801
148,c1_2,7.0879,0.7558
149,c1_1,1.8329,0.3808
149,c1_2,7.1117,0.7397
150,c1_1,1.8501,0.3824
150,c1_2,7.0302,0.7209
151,c1_1,1.868,0.385
151,c1_2,6.81,0.7007
152,c1_1,1.886,0.3881
152,c1_2,6.5795,0.683
153,c1_1,1.9068,0.3912
153,c1_2,6.3784,0.6691
153,c1_7,12.4236,0.7257
154,c1_1,1.9423,0.3941
154,c1_2,6.239,0.6591
154,c1_7,12.4755,0.7285
155,c1_1,1.9832,0.397
156,c1_1,2.0254,0.3997
157,c1_1,2.0665,0.4023
158,c1_1,2.1019,0.4047
159,c1_1,2.1288,0.407
160,c1_1,2.1533,0.4093
161,c1_1,2.1753,0.4112
162,c1_1,2.1929,0.4127
163,c1_1,2.2052,0.4132
164,c1_1,2.2132,0.4127
165,c1_1,2.2186,0.4114
166,c1_1,2.2224,0.4095
167,c1_1,2.2264,0.4067
167,c1_8,6.875,0.6352
168,c1_1,2.2286,0.4032
168,c1_8,6.9202,0.6356
169,c1_1,2.2371,0.3988
169,c1_8,6.9903,0.6356
170,c1_1,2.2536,0.3939
170,c1_8,7.0472,0.6353
171,c1_1,2.2747,0.3888
171,c1_8,7.1056,0.6352
172,c1_1,2.303,0.3831
172,c1_8,7.1662,0.6354
173,c1_1,2.3418,0.377
173,c1_8,7.2202,0.6364
174,c1_1,2.3844,0.3702
174,c1_8,7.2664,0.6377
175,c1_1,2.4257,0.3638
175,c1_8,7.3073,0.6394
176,c1_1,2.4645,0.3576
176,c1_8,7.3496,0.6416
177,c1_1,2.4941,0.3516
177,c1_8,7.3818,0.6435
178,c1_1,2.5179,0.3464
178,c1_8,7.4003,0.6453
179,c1_1,2.5355,0.3422
179,c1_8,7.4122,0.647
180,c1_1,2.5493,0.3392
180,c1_8,7.4189,0.6487
181,c1_1,2.5621,0.3369
181,c1_8,7.421,0.6504
182,c1_1,2.5731,0.3355
182,c1_8,7.4183,0.6519
183,c1_1,2.5833,0.3349
183,c1_8,7.4103,0.6533
184,c1_1,2.5909,0.3357
184,c1_8,7.3996,0.655
185,c1_1,2.5969,0.3374
185,c1_8,7.3912,0.6573
186,c1_1,2.6102,0.3399
186,c1_8,7.3855,0.6599
187,c1_1,2.6313,0.3432
187,c1_8,7.376,0.6619
188,c1_1,2.6664,0.3475
188,c1_8,7.3759,0.6638
189,c1_1,2.6971,0.3528
189,c1_8,7.3705,0.6651
190,c1_1,2.734,0.3592
190,c1_8,7.3636,0.6661
191,c1_1,2.7769,0.366
191,c1_8,7.355,0.6669
192,c1_1,2.8198,0.3725
192,c1_8,7.3644,0.6676
193,c1_1,2.8616,0.3784
193,c1_8,7.3825,0.6687
194,c1_1,2.9016,0.3836
194,c1_8,7.3537,0.6691
195,c1_1,2.9363,0.3879
195,c1_8,7.0052,0.6641
196,c1_1,2.9636,0.3911
196,c1_8,6.63,0.6587
197,c1_1,2.9828,0.3934
197,c1_8,6.2896,0.6543
198,c1_1,3.0023,0.395
198,c1_8,5.9954,0.651
199,c1_1,3.0188,0.395
199,c1_8,5.7461,0.6488
200,c1_1,3.0365,0.3929
200,c1_8,5.5294,0.6473
201,c1_1,3.0549,0.3891
201,c1_8,5.3536,0.6463
202,c1_1,3.0737,0.3844
202,c1_8,5.2115,0.6455
203,c1_1,3.092,0.3783
203,c1_8,5.0976,0.645
204,c1_1,3.1023,0.372
204,c1_8,5.0042,0.6451
205,c1_1,3.101,0.3654
205,c1_8,4.9296,0.6456
206,c1_1,3.1062,0.3567
206,c1_8,4.874,0.6465
207,c1_1,3.1199,0.3472
207,c1_8,4.8304,0.6479
208,c1_1,3.1404,0.3374
208,c1_8,4.796,0.6486
209,c1_1,3.1604,0.328
209,c1_8,4.7677,0.6493
210,c1_1,3.1801,0.318
210,c1_8,4.7476,0.6505
211,c1_1,3.2051,0.3079
211,c1_8,4.7341,0.6518
212,c1_1,3.2317,0.2982
212,c1_8,4.7172,0.6531
213,c1_1,3.2562,0.2895
213,c1_8,4.6956,0.6539
214,c1_1,3.2773,0.2817
214,c1_8,4.6773,0.6544
215,c1_1,3.2961,0.2751
215,c1_8,4.6542,0.6545
216,c1_1,3.314,0.269
216,c1_8,4.6306,0.6543
217,c1_1,3.3308,0.2635
217,c1_8,4.6024,0.6538
218,c1_1,3.3469,0.2586
218,c1_8,4.576,0.6528
219,c1_1,3.3657,0.2542
219,c1_8,4.555,0.6515
220,c1_1,3.381,0.2501
220,c1_8,4.5413,0.6499
221,c1_1,3.3895,0.2467
221,c1_8,4.535,0.6486
222,c1_1,3.396,0.2442
222,c1_8,4.535,0.6475
223,c1_1,3.4014,0.2428
223,c1_8,4.5369,0.6466
224,c1_1,3.4084,0.242
224,c1_8,4.5389,0.6455
225,c1_1,3.4183,0.2416
225,c1_8,4.5417,0.6441
226,c1_1,3.4275,0.2418
226,c1_8,4.5433,0.6423
227,c1_1,3.438,0.242
227,c1_8,4.543,0.64
228,c1_1,3.4499,0.2427
228,c1_8,4.5458,0.6385
229,c1_1,3.4631,0.2438
229,c1_8,4.5503,0.6375
230,c1_1,3.4803,0.2451
230,c1_8,4.5518,0.6363
231,c1_1,3.4938,0.2465
231,c1_8,4.5516,0.635
232,c1_1,3.5119,0.2478
232,c1_8,4.5485,0.6338
233,c1_1,3.535,0.249
233,c1_8,4.5451,0.6327
234,c1_1,3.5619,0.2499
234,c1_8,4.5401,0.6318
235,c1_1,3.5943,0.2506
235,c1_8,4.5311,0.6316
236,c1_1,3.6303,0.2508
236,c1_8,4.5186,0.6318
237,c1_1,3.6648,0.2508
237,c1_8,4.5083,0.6322
238,c1_1,3.6952,0.2508
238,c1_8,4.499,0.633
239,c1_1,3.7233,0.2507
239,c1_8,4.4875,0.6342
240,c1_1,3.7455,0.2506
240,c1_8,4.4732,0.6352
241,c1_1,3.7642,0.25
241,c1_8,4.4718,0.6372
242,c1_1,3.7792,0.2481
242,c1_8,4.4763,0.6391
243,c1_1,3.7926,0.2452
243,c1_8,4.483,0.6406
244,c1_1,3.8187,0.2409
244,c1_8,4.4906,0.6416
245,c1_1,3.8503,0.2361
245,c1_8,4.4965,0.6425
246,c1_1,3.8688,0.2313
246,c1_8,4.4994,0.6435
247,c1_1,3.8934,0.2261
247,c1_8,4.4966,0.6445
248,c1_1,3.9248,0.2208
248,c1_8,4.4857,0.6452
249,c1_1,3.9633,0.2155
249,c1_8,4.4714,0.6452
250,c1_1,3.9994,0.2107
250,c1_8,4.4527,0.6448
251,c1_1,4.0297,0.2066
251,c1_8,4.4278,0.6441
252,c1_1,4.0561,0.203
252,c1_8,4.3923,0.643
253,c1_1,4.0783,0.2001
253,c1_8,4.3624,0.6418
254,c1_1,4.0983,0.1978
254,c1_8,4.3398,0.6409
255,c1_1,4.116,0.1961
255,c1_8,4.3166,0.6398
256,c1_1,4.1296,0.1954
256,c1_8,4.3039,0.6393
257,c1_1,4.1363,0.1964
257,c1_8,4.2943,0.6393
258,c1_1,4.1399,0.1987
258,c1_8,4.2802,0.6391
259,c1_1,4.1422,0.2022
259,c1_8,4.2603,0.6385
260,c1_1,4.1541,0.2067
260,c1_8,4.2366,0.6375
261,c1_1,4.1633,0.212
261,c1_8,4.2105,0.6363
262,c1_1,4.1757,0.2174
262,c1_8,4.19,0.6352
263,c1_1,4.202,0.2228
263,c1_8,4.1762,0.6337
264,c1_1,4.2409,0.2293
264,c1_8,4.1766,0.6326
265,c1_1,4.2818,0.2358
265,c1_8,4.1814,0.6309
266,c1_1,4.32,0.2422
266,c1_8,4.1844,0.628
267,c1_1,4.3534,0.2484
267,c1_8,4.1844,0.6253
268,c1_1,4.3805,0.2542
268,c1_8,4.1842,0.6229
269,c1_1,4.3991,0.2595
269,c1_8,4.1763,0.6207
270,c1_1,4.4179,0.2644
270,c1_8,4.1607,0.6185
271,c1_1,4.4358,0.2691
271,c1_8,4.1352,0.6162
272,c1_1,4.4501,0.2731
272,c1_8,4.1042,0.6138
273,c1_1,4.4598,0.2771
273,c1_8,4.0737,0.6119
274,c1_1,4.4606,0.2814
274,c1_8,4.0439,0.6103
275,c1_1,4.4624,0.2856
275,c1_8,4.0202,0.6091
276,c1_1,4.4733,0.2896
276,c1_8,3.995,0.6081
277,c1_1,4.487,0.293
277,c1_8,3.9585,0.6074
278,c1_1,4.4998,0.2964
278,c1_8,3.9165,0.6072
279,c1_1,4.5127,0.2993
279,c1_8,3.8799,0.6074
280,c1_1,4.5267,0.3022
280,c1_8,3.8496,0.6082
281,c1_1,4.5335,0.305
281,c1_8,3.8219,0.6091
282,c1_1,4.5609,0.3071
282,c1_8,3.7965,0.6102
283,c1_1,4.5965,0.3091
283,c1_8,3.7692,0.6109
284,c1_1,4.639,0.3112
284,c1_8,3.7467,0.6109
285,c1_1,4.6804,0.3134
285,c1_8,3.7236,0.6106
286,c1_1,4.7168,0.316
286,c1_8,3.703,0.6097
287,c1_1,4.7467,0.3191
287,c1_8,3.6817,0.6085
288,c1_1,4.7716,0.3228
288,c1_8,3.6598,0.6072
289,c1_1,4.7827,0.3272
289,c1_8,3.6385,0.6055
290,c1_1,4.7911,0.3324
290,c1_8,3.6199,0.6029
291,c1_1,4.7998,0.3387
291,c1_8,3.5947,0.5999
292,c1_1,4.8066,0.3448
292,c1_8,3.5664,0.5954
293,c1_1,4.8113,0.3573
293,c1_8,3.5489,0.5885
294,c1_1,4.8194,0.3699
294,c1_8,3.5272,0.5806
295,c1_8,3.5107,0.5732
296,c1_8,3.4997,0.5651
297,c1_8,3.5004,0.5581
298,c1_8,3.5002,0.5514
299,c1_8,3.4979,0.5441
299,c1_9,11.491,0.5698
300,c1_8,3.4916,0.5365
300,c1_9,11.4698,0.5769
301,c1_8,3.4675,0.5289
301,c1_9,11.4123,0.6011
302,c1_8,3.4451,0.521
302,c1_9,11.3284,0.6254
303,c1_8,3.4251,0.5138
303,c1_9,11.2479,0.6513
304,c1_8,3.407,0.5068
304,c1_9,11.136,0.676
305,c1_8,3.382,0.4993
306,c1_8,3.3477,0.4918
306,c1_9,10.1315,0.6833
307,c1_8,3.3188,0.4842
307,c1_9,9.3291,0.6923
308,c1_8,3.3042,0.477
308,c1_9,8.7166,0.703
309,c1_8,3.298,0.4706
309,c1_9,8.2512,0.7137
310,c1_8,3.2944,0.464
310,c1_9,7.895,0.7247
311,c1_8,3.2846,0.4574
311,c1_9,7.4643,0.7301
312,c1_8,3.264,0.4492
312,c1_9,7.0549,0.7341
313,c1_8,3.2284,0.4403
313,c1_9,6.7043,0.7404
314,c1_8,3.1939,0.4319
314,c1_9,6.4161,0.7494
315,c1_8,3.1623,0.4245
315,c1_9,6.1806,0.7593
316,c1_8,3.1345,0.4174
316,c1_9,5.9922,0.7691
317,c1_8,3.1108,0.4102
317,c1_9,5.8419,0.7784
318,c1_8,3.0891,0.4031
318,c1_9,5.7225,0.7904
319,c1_8,3.0712,0.396
319,c1_9,5.6288,0.806
320,c1_8,3.0587,0.3891
320,c1_9,5.5546,0.8225
321,c1_8,3.0487,0.3823
321,c1_9,5.4951,0.8385
322,c1_8,3.0261,0.3761
322,c1_9,5.4498,0.8541
323,c1_8,2.9987,0.3704
323,c1_9,5.4007,0.8688
324,c1_8,2.9744,0.3652
324,c1_9,5.3555,0.8814
325,c1_8,2.9529,0.3601
325,c1_9,5.3204,0.8922
326,c1_8,2.9324,0.3552
326,c1_9,5.2945,0.9022
327,c1_8,2.91,0.3503
327,c1_9,5.286,0.9122
328,c1_8,2.8824,0.3458
328,c1_9,5.285,0.9208
329,c1_8,2.8525,0.3414
329,c1_9,5.2992,0.9287
330,c1_8,2.8232,0.3372
330,c1_9,5.3175,0.937
331,c1_8,2.7972,0.3331
331,c1_9,5.3404,0.9466
332,c1_8,2.7746,0.329
333,c1_8,2.7599,0.3247
334,c1_8,2.756,0.3203
335,c1_8,2.7458,0.3167
336,c1_8,2.7329,0.3137
337,c1_8,2.7168,0.3115
338,c1_8,2.6964,0.3099
339,c1_8,2.6768,0.3085
340,c1_8,2.6552,0.3076
341,c1_8,2.6333,0.3072
342,c1_8,2.6126,0.3073
343,c1_8,2.5908,0.3081
344,c1_8,2.5683,0.3094
345,c1_8,2.5495,0.3111
346,c1_8,2.5331,0.3131
347,c1_8,2.5174,0.3156
348,c1_8,2.4945,0.319
349,c1_8,2.4638,0.3231
350,c1_8,2.4293,0.3279
351,c1_8,2.3986,0.3331
352,c1_8,2.3744,0.3384
353,c1_8,2.3535,0.3434
354,c1_8,2.3351,0.3481
355,c1_8,2.319,0.3521
356,c1_8,2.2992,0.3557
357,c1_8,2.2721,0.359
358,c1_8,2.2426,0.3618
359,c1_8,2.2163,0.364
360,c1_8,2.1902,0.3658
361,c1_8,2.1672,0.3673
362,c1_8,2.1411,0.3688
363,c1_8,2.1132,0.3702
364,c1_8,2.0808,0.3719
365,c1_8,2.0497,0.3736
366,c1_8,2.0218,0.3753
367,c1_8,1.9983,0.3769
368,c1_8,1.9787,0.3784
369,c1_8,1.9636,0.3798
370,c1_8,1.9508,0.3811
371,c1_8,1.9415,0.3824
372,c1_8,1.9339,0.3838
373,c1_8,1.9268,0.3851
374,c1_8,1.9148,0.3864
375,c1_8,1.8944,0.3881
376,c1_8,1.8728,0.3898
377,c1_8,1.8557,0.3914
378,c1_8,1.8402,0.3933
379,c1_8,1.8225,0.3956
380,c1_8,1.7839,0.3988
381,c1_8,1.7385,0.4023
382,c1_8,1.6946,0.4058
383,c1_8,1.6569,0.4092
384,c1_8,1.6265,0.4125
385,c1_8,1.6026,0.4155
386,c1_8,1.5835,0.4183
387,c1_8,1.5686,0.4208
388,c1_8,1.5571,0.423
389,c1_8,1.5473,0.4249
390,c1_8,1.5367,0.4264
391,c1_8,1.515,0.4278
392,c1_8,1.4872,0.4291
393,c1_8,1.4554,0.4303
394,c1_8,1.4228,0.4312
395,c1_8,1.3906,0.432
396,c1_8,1.3599,0.4325
397,c1_8,1.3242,0.4329
398,c1_8,1.2881,0.433
399,c1_8,1.2546,0.4329
400,c1_8,1.2256,0.4324
401,c1_8,1.2018,0.4316
402,c1_8,1.183,0.4308
403,c1_8,1.1676,0.43
404,c1_8,1.1542,0.4295
405,c1_8,1.144,0.4291
406,c1_8,1.1373,0.4288
407,c1_8,1.1311,0.4287
408,c1_8,1.115,0.4288
409,c1_8,1.0785,0.4293
410,c1_8,1.0357,0.4302
411,c1_8,0.9981,0.4312
412,c1_8,0.9572,0.4328
413,c1_8,0.9142,0.4349
414,c1_8,0.8727,0.4372
415,c1_8,0.8352,0.4397
416,c1_8,0.8033,0.442
417,c1_8,0.7767,0.4442
418,c1_8,0.7553,0.4463
419,c1_8,0.7387,0.4484
420,c1_8,0.726,0.4504
421,c1_8,0.7159,0.4522
422,c1_8,0.7076,0.454
423,c1_8,0.6987,0.4557
424,c1_8,0.6799,0.4572
425,c1_8,0.6509,0.4585
426,c1_8,0.6159,0.4597
427,c1_8,0.5797,0.4605
428,c1_8,0.5433,0.4611
429,c1_8,0.5081,0.4615
430,c1_8,0.4713,0.4615
431,c1_8,0.4335,0.4614
432,c1_8,0.399,0.4611
433,c1_8,0.37,0.4606
434,c1_8,0.3462,0.46
435,c1_8,0.3273,0.4592
436,c1_8,0.3123,0.4585
437,c1_8,0.3006,0.4577
438,c1_8,0.292,0.4568
439,c1_8,0.285,0.4561
440,c1_8,0.2787,0.4554
441,c1_8,0.2622,0.4551
442,c1_8,0.2351,0.4555
443,c1_8,0.2023,0.4561
444,c1_8,0.1657,0.4571
445,c1_8,0.1284,0.4584
446,c1_8,0.0922,0.4601
447,c1_8,0.0585,0.4621
448,c1_8,0.0258,0.4644
449,c1_8,-0.0091,0.4669
450,c1_8,-0.0408,0.4694
451,c1_8,-0.0675,0.472
452,c1_8,-0.0889,0.4749
453,c1_8,-0.1046,0.4775
454,c1_8,-0.1177,0.4801
455,c1_8,-0.1283,0.4823
456,c1_8,-0.1366,0.4842
457,c1_8,-0.1431,0.4858
458,c1_8,-0.1477,0.487
459,c1_8,-0.1506,0.4878
460,c1_8,-0.1523,0.4881
461,c1_8,-0.1533,0.4878
462,c1_8,-0.1539,0.4872
463,c1_8,-0.1539,0.4863
464,c1_8,-0.1539,0.4854
465,c1_8,-0.1536,0.4847
466,c1_8,-0.1534,0.4837
467,c1_8,-0.1526,0.4823
468,c1_8,-0.152,0.4803
469,c1_8,-0.1514,0.4779
1,c2_1,0.25094009792120797,1.0834317694093105
2,c2_1,0.2495705753361741,1.082590379223658
3,c2_1,0.24912505112215877,1.0820594210679317
4,c2_1,0.24860750885368121,1.0812269748071122
5,c2_1,0.24859244676036063,1.080274498455524
6,c2_1,0.2511813376530183,1.0795498459484965
7,c2_1,0.2523917620358094,1.0788357835723736
8,c2_1,0.2535256964017223,1.0782462232494354
9,c2_1,0.2542051626287871,1.0779776850873284
10,c2_1,0.2546116187313281,1.0774556708564351
11,c2_1,0.25708047953321733,1.0762285381742516
12,c2_1,0.2594248382819213,1.0749249154751905
13,c2_1,0.2617211849943182,1.0734203007060672
14,c2_1,0.2638930296535298,1.0718391959200664
15,c2_1,0.26596437827771036,1.0702820971522191
16,c2_1,0.266733750408902,1.0686110864620915
17,c2_1,0.2672496464713068,1.0672130858964874
18,c2_1,0.2681719986362534,1.06529307109999
19,c2_1,0.26938077681297257,1.0623485618974435
20,c2_1,0.27130197115974264,1.058384030251264
21,c2_1,0.27295909930682205,1.053314042219741
22,c2_1,0.27457104117393927,1.0453866251334534
23,c2_1,0.27843296392321637,1.0379840480344038
24,c2_1,0.2842824475610368,1.0322313013636728
25,c2_1,0.2915299317644604,1.0269944507553468
26,c2_1,0.30156729893060463,1.020984935603686
27,c2_1,0.3152375854511922,1.0150636801500803
28,c2_1,0.33136331688642073,1.0091932624891264
29,c2_1,0.34776205844617225,1.0035763208969586
30,c2_1,0.36443828209286355,0.9977868652152988
31,c2_1,0.38008553937108935,0.9921369736801446
32,c2_1,0.3951298204391276,0.9866311182539127
33,c2_1,0.4086906669998518,0.9815858491350176
34,c2_1,0.4218210514398808,0.9769620982119844
35,c2_1,0.4363014244092067,0.9726532512812942
36,c2_1,0.4486233686065697,0.9686475386617694
37,c2_1,0.46074432073387106,0.9646898380785518
38,c2_1,0.4730902709493874,0.9607846214940583
39,c2_1,0.48625972350089164,0.9572138429576447
40,c2_1,0.4993046739992102,0.9535665744043536
41,c2_1,0.5121771104080368,0.9496418237641227
42,c2_1,0.5242260444808764,0.9453826350758114
43,c2_1,0.5351215101320661,0.9411865205171286
44,c2_1,0.5443130151501405,0.9369725181087802
45,c2_1,0.5516235734831931,0.932889135922105
46,c2_1,0.5562536888133898,0.928702431944054
47,c2_1,0.5592083214910422,0.92417234599309
48,c2_1,0.5606359795874885,0.9194758641211218
49,c2_1,0.5613886434192876,0.9146219302529823
50,c2_1,0.5614663129864379,0.9096105443886713
51,c2_1,0.5609694843239712,0.9044177005100353
52,c2_1,0.5592756471659626,0.8986609485326866
53,c2_1,0.5573132718458469,0.8922247303282733
54,c2_1,0.5552788784712708,0.8854870240187664
55,c2_1,0.553200945022803,0.8781223354809187
56,c2_1,0.551601485731338,0.870537120817271
57,c2_1,0.550834472700692,0.8624343638851466
58,c2_1,0.5510964260385123,0.8541920428065164
59,c2_1,0.55137791343207,0.8464762079211956
60,c2_1,0.5513579127205337,0.8388323910903364
61,c2_1,0.5542238190443318,0.8308178938562667
62,c2_1,0.5604541065604671,0.8222121900931874
63,c2_1,0.570470293464802,0.8134457419217931
64,c2_1,0.5870337847394862,0.8040713789219964
65,c2_1,0.6117525169450184,0.7937050048033378
66,c2_1,0.6406066486801505,0.783306860291966
67,c2_1,0.6701072966993618,0.7733916619000125
68,c2_1,0.698871522530367,0.764395989916661
69,c2_1,0.7257503297139336,0.7559569283132608
70,c2_1,0.7496622678828713,0.7484390393245344
71,c2_1,0.7703778669865482,0.7422158291100358
72,c2_1,0.7893085434778171,0.7365252232573354
73,c2_1,0.8055738390595506,0.7316837719648472
74,c2_1,0.8198772259769682,0.7275234331054956
75,c2_1,0.8344446790940756,0.7244685506314872
76,c2_1,0.8504146047392047,0.7215035740616054
77,c2_1,0.8678919709098003,0.7181785072194182
78,c2_1,0.8874362137421614,0.7137223317676621
79,c2_1,0.9055059659920404,0.7088747623066859
80,c2_1,0.921382693320898,0.7028513646119771
81,c2_1,0.9346314616456239,0.6964996470376763
82,c2_1,0.9456213051633569,0.6904750697926946
83,c2_1,0.9545772219623108,0.6848301168757557
84,c2_1,0.9619776861994898,0.67934426216106
85,c2_1,0.9680717019812635,0.6741704856823624
86,c2_1,0.9728832753257843,0.6694092834746942
87,c2_1,0.9766854163575776,0.6653141316068414
88,c2_1,0.9795306090753657,0.6616600319905882
89,c2_1,0.9819213336543058,0.6583269545351659
90,c2_1,0.9836806040424881,0.655463407311913
91,c2_1,0.9849898782542388,0.6524948920912127
92,c2_1,0.9859211743440177,0.6497228969781583
93,c2_1,0.9864504862936725,0.6470469259377186
94,c2_1,0.9869513202627562,0.6446964490205265
95,c2_1,0.9869211960761142,0.64279149631735
96,c2_1,0.9860871036092229,0.6410785917594032
97,c2_1,0.9863584675276744,0.6391016210017657
98,c2_1,0.9892907403932454,0.6367014858421941
99,c2_1,1.0019186446581183,0.6321977650099296
100,c2_1,1.0214567693219907,0.6259371328900285
101,c2_1,1.0453402295103587,0.6187447380245492
102,c2_1,1.0728415469598493,0.6106881265055367
103,c2_1,1.1023003011112409,0.6023763927116661
104,c2_1,1.1315295852119998,0.5944381650773504
105,c2_1,1.1588974566834729,0.5871570438580173
106,c2_1,1.1859353620692832,0.5802734348163927
107,c2_1,1.2134757476302482,0.5732697956839996
108,c2_1,1.2406621610873967,0.5665631726942837
109,c2_1,1.266063651932137,0.5603891540663655
110,c2_1,1.287316327360028,0.5555248763059966
111,c2_1,1.3063820960353865,0.5512892269800403
112,c2_1,1.3251178986250811,0.5474510898317925
113,c2_1,1.3450836596533038,0.5434253765007314
114,c2_1,1.3650209427009559,0.5397251572929176
115,c2_1,1.3839052533619896,0.5360640061965785
116,c2_1,1.400425671218581,0.5331799916059906
117,c2_1,1.4139312080242363,0.5310161575600139
118,c2_1,1.4244938818334174,0.5298739921637416
119,c2_1,1.4328696488900659,0.5293604552018824
120,c2_1,1.440010985545769,0.5294604845811147
121,c2_1,1.4464248439381007,0.5296280600523916
122,c2_1,1.4518337419801202,0.5300356957052058
123,c2_1,1.4567116818664134,0.5308888555720357
124,c2_1,1.461460647737105,0.5320915155802666
125,c2_1,1.4650427292988977,0.5346352201929614
126,c2_1,1.4678688546167469,0.5375719650209482
127,c2_1,1.4705179938826887,0.5406572179202735
128,c2_1,1.472664652973473,0.5438625009103675
129,c2_1,1.4754863063289068,0.5472252358966329
130,c2_1,1.4779255095999533,0.5512104811488227
131,c2_1,1.4803167008346918,0.55499473433095
132,c2_1,1.483765336418466,0.5583139292433245
133,c2_1,1.4929707239795893,0.5599392869976902
134,c2_1,1.5076793874492744,0.5601438177185715
135,c2_1,1.5256759420944195,0.5598816439636275
136,c2_1,1.5469123758787169,0.5589517736627964
137,c2_1,1.572015671030507,0.5573106667421869
138,c2_1,1.596941980130389,0.5558180678929161
139,c2_1,1.6205618407748648,0.5546375472796434
140,c2_1,1.6433447831961048,0.5544005590931262
141,c2_1,1.6648452831800924,0.5545761451776383
142,c2_1,1.6850588687644121,0.5555902956914582
143,c2_1,1.7041100420022488,0.5575195006514634
144,c2_1,1.7223812529779887,0.5597412497917296
145,c2_1,1.739896507709787,0.5623560391472877
146,c2_1,1.7578377525998632,0.5649753004652622
147,c2_1,1.7768079638584058,0.567454997636731
148,c2_1,1.79675465748669,0.5700201287499099
149,c2_1,1.8166488671162506,0.5728102579513049
150,c2_1,1.8353086463448665,0.5762139534937918
151,c2_1,1.8522315149973816,0.580351245468139
152,c2_1,1.8671880030231642,0.5855956400339011
153,c2_1,1.880029602350875,0.5917701511391694
154,c2_1,1.8913112771543936,0.5985297506049594
155,c2_1,1.90071200527289,0.6054199702924224
156,c2_1,1.9082077806882096,0.6123403141665272
157,c2_1,1.9144735976650014,0.6194482342234454
158,c2_1,1.9190025040656924,0.6272897507122238
159,c2_1,1.922679430149827,0.6351223232761694
160,c2_1,1.9258583480212215,0.642648935772605
161,c2_1,1.9288407457849697,0.6497975701470694
162,c2_1,1.932004601563043,0.6563717062919169
163,c2_1,1.935091967324239,0.6630703444899492
164,c2_1,1.9378778449803415,0.6698410007424426
165,c2_1,1.9408691866689225,0.67613765480035
166,c2_1,1.945999423073729,0.6816046883537824
167,c2_1,1.9583938519813526,0.6850177944769009
168,c2_1,1.9781094293529324,0.6857259849232109
169,c2_1,2.004289702909496,0.684146305926158
170,c2_1,2.0349487579685723,0.6808593738838477
171,c2_1,2.066239267218406,0.6771029116093676
172,c2_1,2.0988931808847857,0.6723833828523949
173,c2_1,2.1305466061632696,0.6674779241186808
174,c2_1,2.162051523370415,0.6623954793330579
175,c2_1,2.1921254900689697,0.6575486227665556
176,c2_1,2.221323470432814,0.6525923262401894
177,c2_1,2.2483390160065415,0.6478386679899574
178,c2_1,2.2740481131248638,0.6433970879757234
179,c2_1,2.297120307314221,0.6394791683984545
180,c2_1,2.317804602680983,0.6362378892919057
181,c2_1,2.336828477488522,0.6336057045640323
182,c2_1,2.3556513602259983,0.6310215318724663
183,c2_1,2.3753066892242947,0.6279198169124233
184,c2_1,2.3955365164522084,0.6249995599667054
185,c2_1,2.413832912996375,0.6224349213308769
186,c2_1,2.429238930542791,0.6206669532565368
187,c2_1,2.4421565532315803,0.6195996316710702
188,c2_1,2.452762767114652,0.6190844485031392
189,c2_1,2.461057572192006,0.6191214037527432
190,c2_1,2.467945432778923,0.619494443256499
191,c2_1,2.4736273409454665,0.6201555549780993
192,c2_1,2.47797879463845,0.6210282489006665
193,c2_1,2.4813492939992754,0.622241499039802
194,c2_1,2.4840928111317595,0.6234982892528284
195,c2_1,2.4861088500008712,0.6248226255578996
196,c2_1,2.487598402676674,0.6261664959187081
197,c2_1,2.488786467247383,0.6275823843339776
198,c2_1,2.4896730437129984,0.6290702908037085
199,c2_1,2.490933126338168,0.6307876673240717
200,c2_1,2.492370195015247,0.6323565357730963
201,c2_1,2.495166196146455,0.6333883278979066
202,c2_1,2.5004505921352895,0.6337194735338432
203,c2_1,2.5122476963454146,0.6319637417964794
204,c2_1,2.530983498935109,0.6281256046482314
205,c2_1,2.5528391505731873,0.6231172907789403
206,c2_1,2.578365143471113,0.6170197621678998
207,c2_1,2.6062025451747557,0.6103700951393239
208,c2_1,2.634240938948461,0.6036724160744409
209,c2_1,2.662178836687135,0.5969987430277114
210,c2_1,2.6887578019716796,0.5908621463051963
211,c2_1,2.715183787222469,0.5849745536890509
212,c2_1,2.7393988597025727,0.5796150934722869
213,c2_1,2.7612500393782344,0.5750327697612744
214,c2_1,2.7804643161249314,0.5709741064872267
215,c2_1,2.7979176762773736,0.5675485436100082
216,c2_1,2.8143660760795046,0.5643630409143268
217,c2_1,2.8304364977596643,0.5613740583262913
218,c2_1,2.845578449106389,0.558500633866608
219,c2_1,2.857605023367147,0.5563713959696894
220,c2_1,2.8684256452075303,0.5545302302906154
221,c2_1,2.8773608484004747,0.5532456749914929
222,c2_1,2.884989603138013,0.5522731979283684
223,c2_1,2.891536907508362,0.5516652830999659
224,c2_1,2.8974287516698,0.5514264024687017
225,c2_1,2.9017366652888925,0.551672114162928
226,c2_1,2.905039618557673,0.5521578860386914
227,c2_1,2.907864097669451,0.5528641840402544
228,c2_1,2.910387088676136,0.5536425000962786
229,c2_1,2.9123835934895106,0.5544403502080401
230,c2_1,2.914806088461164,0.5552426722822179
231,c2_1,2.9169030893095704,0.5560165163758257
232,c2_1,2.9185740999996974,0.556785888507017
233,c2_1,2.9199721005653014,0.5573017845694223
234,c2_1,2.9210446070076586,0.5577892026512574
235,c2_1,2.9223181055200778,0.5582286086967849
236,c2_1,2.9231416078560644,0.5585630467448651
237,c2_1,2.9239170981557443,0.5586964927228828
238,c2_1,2.924544080384085,0.5586529526489917
239,c2_1,2.9246970604178397,0.558403948542622
240,c2_1,2.9241990522051005,0.558097988475112
241,c2_1,2.9251844784996752,0.5573314421002653
242,c2_1,2.932003146788476,0.5547465565142251
243,c2_1,2.9489613244845234,0.5483585965847945
244,c2_1,2.9686898510875537,0.540671485918719
245,c2_1,2.9918397148440614,0.5317421804771393
246,c2_1,3.016123512966482,0.5222233147126215
247,c2_1,3.040507807123934,0.51268044292995
248,c2_1,3.064188629036168,0.5033056132743544
249,c2_1,3.0862615143879024,0.49431487990921796
250,c2_1,3.105673490792518,0.4857473109460154
251,c2_1,3.1224725702863227,0.4778038984548093
252,c2_1,3.1372137170431955,0.47013961425661477
253,c2_1,3.150700899343387,0.46256241020620226
254,c2_1,3.1619576348171545,0.4549868523618614
255,c2_1,3.1717114017278702,0.44734539463154777
256,c2_1,3.1811396745153386,0.43967545892066395
257,c2_1,3.189988977110774,0.4322500553537335
258,c2_1,3.1969768670769234,0.425481758201786
259,c2_1,3.2016533482373557,0.4192655994673735
260,c2_1,3.205248379030598,0.41341400296768294
261,c2_1,3.2083649356668382,0.40778293259379217
262,c2_1,3.2110555021447995,0.4021473902574849
263,c2_1,3.2130185903593893,0.3965793940132224
264,c2_1,3.2145316823975465,0.39090642977151235
265,c2_1,3.2154417982255166,0.38537750163872453
266,c2_1,3.2175098544375538,0.37935950921802986
267,c2_1,3.218769470406925,0.3739595551008432
268,c2_1,3.219421638203692,0.3691296272508574
269,c2_1,3.220523802176892,0.3644046673983191
270,c2_1,3.2217744742214305,0.3598566935976897
271,c2_1,3.2227236581608754,0.35538073785152124
272,c2_1,3.2233188699965023,0.35120179824803
273,c2_1,3.2229616054805414,0.34703792073785966
274,c2_1,3.2216998766493,0.34309009739107266
275,c2_1,3.2215151262228314,0.33920370196784233
276,c2_1,3.222813810303677,0.3348567202372752
277,c2_1,3.22921378615296,0.32918493554583794
278,c2_1,3.24114104392896,0.32219281985594717
279,c2_1,3.2584185975797664,0.31402888123894124
280,c2_1,3.278132062089476,0.3053892942212776
281,c2_1,3.298472508827526,0.2967061671297231
282,c2_1,3.322282304755361,0.2869818373327264
283,c2_1,3.345537136509316,0.2776025357147144
284,c2_1,3.3673610177546807,0.2684588223158231
285,c2_1,3.3875529564213926,0.2595987091723597
286,c2_1,3.406036462492574,0.25114669833750936
287,c2_1,3.4222565717943447,0.2434478179902566
288,c2_1,3.4373712247107724,0.23601300384269452
289,c2_1,3.451284397169242,0.2284402717546984
290,c2_1,3.4637470850633845,0.22057664169251323
291,c2_1,3.474127834202441,0.21289164388830856
292,c2_1,3.4826756486927826,0.20553825837583922
293,c2_1,3.4893905285344085,0.19851648515510545
294,c2_1,3.494798959920629,0.19180679017036967
295,c2_1,3.4986279327269205,0.18515569735284598
296,c2_1,3.5020069093567794,0.1783996365378746
297,c2_1,3.5045863896688054,0.17140963370985435
298,c2_1,3.5084963244543905,0.1642080486808672
299,c2_1,3.511582756903989,0.15667202560379995
300,c2_1,3.513716713001999,0.14915106462005356
301,c2_1,3.5153241829066992,0.14164963769204458
302,c2_1,3.516112622437829,0.13338778255767697
303,c2_1,3.516302557721188,0.12484397337395303
304,c2_1,3.516114514882576,0.11649668429787513
305,c2_1,3.515576971902563,0.10802042120619593
306,c2_1,3.515264427010766,0.09959664211324054
307,c2_1,3.5143578498336145,0.09046491881265034
314,c2_1,3.507892933231507,0.06651391253223782
322,c2_1,3.497059387981225,0.03138995851369636
323,c2_1,3.48776222789278,0.0026977507371517273
327,c2_1,3.4799143728183894,-0.020816675254077766
331,c2_1,3.474826743175876,-0.03989138785426877
332,c2_1,3.4706753482413575,-0.05504675508824297
333,c2_1,3.467569627974697,-0.067158763290711
334,c2_1,3.4651405481787565,-0.07688287267058386
335,c2_1,3.4631675827277366,-0.08469755738486393
336,c2_1,3.4605977592350174,-0.0905637493220765
337,c2_1,3.4568610514333984,-0.0950888966548252
338,c2_1,3.452588913513637,-0.0987425296152796
339,c2_1,3.447680849440702,-0.10150064218528593
340,c2_1,3.4429737774378295,-0.1043067667915997
341,c2_1,3.435883278574778,-0.10686224108547188
342,c2_1,3.4265053769241627,-0.1087650809267777
343,c2_1,3.4168784711671774,-0.11082090080183851
344,c2_1,3.4067206072544662,-0.11243119646288352
345,c2_1,3.3984001499528866,-0.11479909457394247
346,c2_1,3.394208974012419,-0.11900321974586028
347,c2_1,3.391156204400281,-0.12422289539899461
349,c2_1,3.388034242490027,-0.13240049614192487
350,c2_1,3.391588558965723,-0.14153551185465857
351,c2_1,3.395702311577715,-0.15144154590465542
352,c2_1,3.4016054587645317,-0.16230617447472862
353,c2_1,3.3967209340539517,-0.17208112164725353
354,c2_1,3.3863884431898774,-0.18331667685921196
355,c2_1,3.3786688492366146,-0.19517638854316666
356,c2_1,3.373682182284931,-0.20715777652396164
357,c2_1,3.369809915643424,-0.22025521102100437
358,c2_1,3.375949830599634,-0.2345757728936131
359,c2_1,3.3837758183392928,-0.24717448628344219
360,c2_1,3.390880445984067,-0.2579011969130813
361,c2_1,3.3943013164817457,-0.26626072232613546
362,c2_1,3.3918079830059042,-0.272251416316533
363,c2_1,3.3859128464323227,-0.27647342933811636
364,c2_1,3.3780468572695916,-0.2791623496100062
365,c2_1,3.3687409736734373,-0.2807637013462184
366,c2_1,3.359478630151174,-0.2817380708540897
367,c2_1,3.35124078103496,-0.2824260143501883
368,c2_1,3.343725938219702,-0.28275551378005315
369,c2_1,3.337235589810493,-0.2827985871981453
370,c2_1,3.3320712239124273,-0.28262725265892585
371,c2_1,3.327811322329642,-0.28267197228308977
372,c2_1,3.3246043931334763,-0.2827557600187283
373,c2_1,3.3217994480774355,-0.28293557182698165
374,c2_1,3.3193440031627954,-0.28298640961963367
375,c2_1,3.3168885582481558,-0.2830372474122857
376,c2_1,3.3146821174398857,-0.28293510517118275
377,c2_1,3.3124996826497695,-0.2827324668950486
378,c2_1,3.3102407578427755,-0.2824053265657296
379,c2_1,3.307330844789287,-0.28213514219755065
380,c2_1,3.3039949415775203,-0.2818694297917882
381,c2_1,3.300587020311292,-0.2819052054911193
382,c2_1,3.296805592885509,-0.2821704512410829
383,c2_1,3.293229629492205,-0.28290969918563247
384,c2_1,3.2884326515852056,-0.28431335126392576
385,c2_2,3.2509149268142563,-0.29372916729729426
387,c2_2,3.247112319126664,-0.2967513460669914
388,c2_2,3.2387047816773027,-0.30037320863473216
389,c2_2,3.225965324590695,-0.30434127893173046
589,c2_3,3.362802789503315,-0.32385578676859383
589,c2_4,3.3696320479230204,-0.32506220584476714
590,c2_3,3.360058092820558,-0.32022569317049426
590,c2_4,3.366111860940584,-0.32156555822468524
591,c2_3,3.3561571019598055,-0.31387608845806414
591,c2_4,3.3617848799215526,-0.3152204254746715
592,c2_3,3.3521421991767726,-0.3062245072526448
592,c2_4,3.3574444830152723,-0.3075973222498222
593,c2_3,3.3486448386622167,-0.29774047978640567
593,c2_4,3.3538226204475317,-0.2991897848004606
594,c2_4,3.3509042301250096,-0.2909502894781749
595,c2_4,3.350124734518712,-0.28354041466036434
596,c2_4,3.350455167260175,-0.276820596200523
597,c2_4,3.3520245023649986,-0.27114033424005185
598,c2_4,3.3537512894659933,-0.2661350665442291
599,c2_4,3.354707058229725,-0.26168923498470253
600,c2_4,3.3584856598991633,-0.2587675522500366
601,c2_4,3.364110612104566,-0.2574554522819417
602,c2_4,3.368357097800102,-0.2561327621829423
603,c2_4,3.3690711601762247,-0.2549223378001515
604,c2_4,3.376461500938298,-0.25466932838716416
605,c2_4,3.384480003478985,-0.2593467428591939
607,c2_4,3.4278255649701466,-0.2655579371538397
608,c2_4,3.469491171846348,-0.2716865232631198
609,c2_4,3.4995110083401073,-0.27853882856782974
610,c2_4,3.5191227972645125,-0.2822675257562136
611,c2_4,3.5295805030762457,-0.28295969497605344
611,c2_5,3.544954037335474,-0.276858848131318
612,c2_5,3.538834369329475,-0.27401601451407537
613,c2_5,3.5302849086330617,-0.26889307582802985
614,c2_5,3.5181761928427373,-0.2613264619085218
615,c2_5,3.5036226222686775,-0.2524322192717992
616,c2_5,3.4858967186475103,-0.2421428018258171
617,c2_5,3.4663964825448397,-0.22994231350817043
618,c2_5,3.448088782975294,-0.21675192693353268
619,c2_5,3.433492138983142,-0.20136733588760114
620,c2_5,3.424706377173134,-0.18567113326147033
621,c2_5,3.4194335046268023,-0.17038915111244063
622,c2_5,3.4150740403205835,-0.1561752034433513
623,c2_5,3.4115995062739084,-0.142703796130955
624,c2_5,3.4095363886800865,-0.129994463230989
625,c2_5,3.4090136615547193,-0.11839670488485443
626,c2_5,3.4095003667420802,-0.10746499687853536
627,c2_5,3.409474001623381,-0.09779172529131452
628,c2_5,3.4091880422674072,-0.08964990024771544
629,c2_5,3.408670966654729,-0.08336501587098535
630,c2_5,3.4076408207359905,-0.0783385679133535
631,c2_5,3.406748592757686,-0.07451360041367971
632,c2_5,3.4056927946147217,-0.0718180953175028
633,c2_5,3.4046174624160206,-0.06964907641463561
634,c2_5,3.402187669725606,-0.0673689713458327
635,c2_5,3.3963214777883937,-0.06479914785311361
636,c2_5,3.3878228548846323,-0.06213165408170793
637,c2_5,3.3771658032089085,-0.05916102599913692
638,c2_5,3.3644508187962536,-0.05591126962355422
639,c2_5,3.3495774056116354,-0.05235837893680617
640,c2_5,3.33370962220761,-0.047186961558654344
641,c2_5,3.3151825760625377,-0.039361932952144935
642,c2_5,3.297518100364927,-0.030149493910935965
643,c2_5,3.2791892205335724,-0.01971604035603164
644,c2_5,3.2577030697484313,-0.006934935640279749
645,c2_5,3.233169087969368,0.0073178339016091165
646,c2_5,3.208224178125347,0.02251860783266979
647,c2_5,3.1824948340568135,0.038437916102269765
648,c2_5,3.1590724268315813,0.05423107611261313
649,c2_5,3.1395648930101494,0.06951399157324056
650,c2_5,3.124527196766398,0.08394163430516755
651,c2_5,3.1136053659965093,0.09781102045107115
652,c2_5,3.106272914507174,0.11114168406668873
653,c2_5,3.100275389453815,0.12383477532306086
654,c2_5,3.0962157670466177,0.1357462581112654
655,c2_5,3.0939215331960916,0.14659865034436226
656,c2_5,3.0925887196219866,0.15658400016758128
657,c2_5,3.0916668341128393,0.16562134560162844
658,c2_5,3.0909504126361704,0.17418468884108962
659,c2_5,3.090664453280197,0.18232651388468868
660,c2_5,3.0908329620630712,0.19014731676745694
661,c2_5,3.0908049507383004,0.197590141528254
662,c2_5,3.090604425324037,0.20475548420211115
663,c2_5,3.0902553918384346,0.21174384082405967
664,c2_5,3.0898628182789416,0.21810521521766724
665,c2_5,3.0890007144872786,0.22383513542051747
666,c2_5,3.0869896142363817,0.22920213959471758
667,c2_5,3.0839540195794357,0.23428271775714504
668,c2_5,3.07406516048463,0.2404692189607145
669,c2_5,3.0620463505984326,0.24663336035220207
670,c2_5,3.048275568042813,0.2525786218239616
671,c2_5,3.031872354520645,0.25862155357440775
672,c2_5,3.012004263771109,0.26527969787201733
673,c2_5,2.9912077026881385,0.2720534002979792
674,c2_5,2.970411141605168,0.27882710272394096
675,c2_5,2.9472266816996022,0.28627744562062274
676,c2_5,2.92155382693641,0.2944284350061783
677,c2_5,2.892966587157313,0.30327559891819134
678,c2_5,2.861991448555621,0.3127994033009245
679,c2_5,2.829078407307766,0.3231048161518252
680,c2_5,2.7947059375707504,0.33397131134509395
681,c2_5,2.7606829679751357,0.3449667805539639
682,c2_5,2.730373879713259,0.35550001724942537
683,c2_5,2.704036620816323,0.36487202114867634
684,c2_5,2.6845811043378163,0.37281260788353787
685,c2_5,2.670174395629023,0.3796533897457455
686,c2_5,2.6596630262682934,0.3854574408649275
687,c2_5,2.651487071731435,0.3908098496016056
688,c2_5,2.6464024882623898,0.39531757574048765
689,c2_5,2.6422463751267795,0.39970974375101753
690,c2_5,2.6385402581676014,0.40420687975899494
691,c2_5,2.6353606274017327,0.40868448171123517
692,c2_5,2.6326549988304504,0.4133675476959542
693,c2_5,2.6304233724537536,0.418256077713152
694,c2_5,2.6279622760264245,0.42351811388990435
695,c2_5,2.625826673722343,0.42880862804722697
696,c2_5,2.623916069506477,0.4341516262032735
697,c2_5,2.62243145544889,0.4394990963217362
698,c2_5,2.6213728315495812,0.4448510384026153
699,c2_5,2.619859739511424,0.45052400264432535
700,c2_5,2.6175906912293243,0.45659000710132747
701,c2_5,2.6149676708434075,0.46295302770100677
702,c2_5,2.61063621786196,0.46972415060929906
703,c2_5,2.602586411584358,0.47738349618927833
704,c2_5,2.59009077374723,0.4859986105329893
705,c2_5,2.574752768948658,0.4956113875082514
706,c2_5,2.5592377780981765,0.5053726725548521
707,c2_5,2.542689348916814,0.515699511906237
708,c2_5,2.5235520288427935,0.5267510037646495
709,c2_5,2.500294371332494,0.5387867423673637
710,c2_5,2.4730693564196695,0.5515577236080099
711,c2_5,2.440341065598283,0.565749531882141
712,c2_5,2.4055308360218115,0.5801199724142527
713,c2_5,2.370524086337694,0.5941124348243931
714,c2_5,2.338842649734439,0.6064607183189045
715,c2_5,2.3123434668789153,0.6169337066410822
716,c2_5,2.2909260417360917,0.6255554058090802
717,c2_5,2.274063888112659,0.6323453498786359
718,c2_5,2.2599960894143623,0.637936639246578
719,c2_5,2.2486461556243245,0.6424537759660917
720,c2_5,2.2396361086205747,0.6460932801448229
721,c2_5,2.2317840020008917,0.6492437200356472
722,c2_5,2.224965333712091,0.6518286056216872
723,c2_5,2.2196300999306047,0.6539529049003906
724,c2_5,2.2153042984618465,0.6554111538392783
725,c2_5,2.210878000958057,0.6568934087963197
726,c2_5,2.206456175416684,0.6579496735950827
727,c2_5,2.2011058795418768,0.6591214965221978
728,c2_5,2.195607075595731,0.660116333397404
729,c2_5,2.189332781349905,0.6609777242945928
730,c2_5,2.1829864690496183,0.6615376270866878
731,c2_5,2.1757356924340514,0.6623135840421662
732,c2_5,2.1673074413786795,0.6630521190922417
733,c2_5,2.1553182890233247,0.6640038825493559
734,c2_5,2.141524679999824,0.6649617641749583
735,c2_5,2.128008553063264,0.6657471317110683
736,c2_5,2.1151958983719226,0.6663644571201025
737,c2_5,2.0988898884726424,0.6679224891995474
738,c2_5,2.0802199857689203,0.6702576577847437
739,c2_5,2.060267640627947,0.6730054006409691
740,c2_5,2.04056877155576,0.6754801333726712
741,c2_5,2.0197644460982294,0.678218932304064
742,c2_5,1.9928253905413789,0.6828480885011111
743,c2_5,1.9586461484998656,0.6896316681635035
744,c2_5,1.9234619461080404,0.6966553080074327
745,c2_5,1.8879762556111217,0.7037509659058233
746,c2_5,1.8548544579186441,0.7100694872984624
747,c2_5,1.8240965530306088,0.7156108721853502
748,c2_5,1.7982434198033643,0.719449475989397
749,c2_5,1.7773626043289563,0.7223127769739746
750,c2_5,1.7613340765166154,0.7236982949639272
751,c2_5,1.748674401859029,0.7240666162665916
752,c2_5,1.7389771242536542,0.7239397551128608
753,c2_5,1.732797207874372,0.7229726833237506
754,c2_5,1.7284022141074975,0.7214730071728426
755,c2_5,1.725639162919276,0.7196897307665062
756,c2_5,1.7231535938179943,0.7177339402706777
757,c2_5,1.7203140526128955,0.7160751659175264
758,c2_5,1.7185274837944156,0.7143773234529006
759,c2_5,1.717468393239308,0.7126119348962299
760,c2_5,1.7164573147205076,0.7110475384096219
761,c2_5,1.7151162701160434,0.709880654100722
762,c2_5,1.7136222454778247,0.7089627738981921
763,c2_5,1.710845778402354,0.7084574679666914
764,c2_5,1.7065333928208455,0.7086377464307436
765,c2_5,1.700910086821514,0.7095560932890725
766,c2_5,1.6944588065237798,0.7105659922575998
767,c2_5,1.6877060381209525,0.7116479092805881
768,c2_5,1.6804792675235385,0.7125243622710978
769,c2_5,1.672959952745864,0.7126208529995114
770,c2_5,1.664009687459599,0.7129529319470458
771,c2_5,1.6515135829666718,0.7144507156532068
772,c2_5,1.6375100379482759,0.7163085896316737
773,c2_5,1.621190612161747,0.7191445921859543
774,c2_5,1.602918221635734,0.721809726856814
775,c2_5,1.5795880794151738,0.726426646716885
776,c2_5,1.5539241685768146,0.7337256557858836
777,c2_5,1.5237965383292629,0.7436843942517279
778,c2_5,1.492493079847979,0.7558361576385932
779,c2_5,1.4603376410501383,0.7679789771006258
780,c2_5,1.4329836521217123,0.7810994584826729
781,c2_5,1.4097695346853039,0.7937621793137282
782,c2_5,1.3890722900870918,0.8053987595326622
783,c2_5,1.3703503700404451,0.8150762568436243
784,c2_5,1.3539337406310277,0.8223971590689061
785,c2_5,1.340641432232411,0.8281218944148658
786,c2_5,1.3301764287019169,0.8318964907776865
787,c2_5,1.3219748219408332,0.8349179566529097
788,c2_5,1.3150121175431102,0.8368998660287623
789,c2_5,1.3090108334218082,0.8380147329947372
790,c2_5,1.3033903531788216,0.8362766428683639
791,c2_5,1.2986637471202118,0.8329440320687405
792,c2_5,1.294396081162866,0.8288644089500077
793,c2_5,1.2910613575013725,0.824243237544644
794,c2_5,1.2887120601344528,0.8188555197644338
795,c2_5,1.285587272467854,0.8133343560062058
796,c2_5,1.2821805307518988,0.8084116964957486
797,c2_5,1.2790708051786206,0.8038430090891089
798,c2_5,1.2740756609579038,0.7998309320624206
799,c2_5,1.2675445982311486,0.7965044394312852
800,c2_5,1.2590756328582304,0.7939595552683179
801,c2_5,1.2466437820452043,0.7917239235850035
802,c2_5,1.2314985382863357,0.7901364543918394
803,c2_5,1.2160758124405278,0.7887214992881675
804,c2_5,1.2003951385635165,0.7880055444672978
805,c2_5,1.191060776986792,0.7867296868543328
806,c2_5,1.178353090292898,0.7868970160869346
807,c2_5,1.1610750699862926,0.7879436240663908
808,c2_5,1.1396962462991445,0.7905009649834585
809,c2_5,1.117886960491302,0.7934798240963883
810,c2_5,1.0950727143331478,0.7966987433908552
811,c2_5,1.0735409106122447,0.7995050884142927
812,c2_5,1.0506546463996287,0.8024225196036658
813,c2_5,1.0290268186061118,0.8048268804869785
814,c2_5,1.009585897565127,0.8066026129358785
815,c2_5,0.9927009174738135,0.8084051771592768
816,c2_5,0.9778738701194309,0.8099286130896637
817,c2_5,0.9646262813449784,0.8113934468528383
818,c2_5,0.9536616233956723,0.8126316363217252
819,c2_5,0.9456788965543166,0.8139011295275269
820,c2_5,0.9398021144861994,0.8150924865103792
821,c2_5,0.9352033028929179,0.8162972593804807
822,c2_5,0.9314804776343468,0.8176114722104464
823,c2_5,0.9286816507467943,0.8192361170703382
824,c2_5,0.9264288441082882,0.8213677140678026
825,c2_5,0.9246020276280613,0.8235037830276832
826,c2_5,0.922928191181589,0.8253908478811942
827,c2_5,0.9212588266975335,0.8268519225764266
828,c2_5,0.9198429382822635,0.8280399871471353
829,c2_5,0.9185995639564863,0.8295055338047841
830,c2_5,0.9178782038616022,0.831377536564974
831,c2_5,0.9170998878055778,0.8339005275716587
832,c2_5,0.915642105522489,0.8366920567404503
833,c2_5,0.9118969204518361,0.8401362203618084
834,c2_5,0.9051368543302476,0.8443005645277777
835,c2_5,0.8951865673118857,0.8515640441361203
836,c2_5,0.881404015075089,0.8610177229091391
837,c2_5,0.8655395240832071,0.8706500339401384
838,c2_5,0.8490285168072473,0.879799398851719
839,c2_5,0.8331729697401982,0.8885797295661613
840,c2_5,0.8188773471973407,0.8967749719200819
841,c2_5,0.8067971093875865,0.9040160917163427
842,c2_5,0.7966067621876873,0.9102746109743731
843,c2_5,0.7883587895963675,0.9153255316059576
844,c2_5,0.7821012036499351,0.9193698456811583
845,c2_5,0.7771545381213238,0.9226760913620824
846,c2_5,0.7734903150299655,0.925569762771977
847,c2_5,0.7704815521475172,0.9280943999847333
848,c2_5,0.7681762615102881,0.9304509950704136
849,c2_5,0.766019478944397,0.9329845762080029
850,c2_5,0.7641597125211832,0.9358721294494095
851,c2_5,0.7636259286091125,0.9389740906481274
852,c2_5,0.7638676349967213,0.9422094978248632
853,c2_5,0.7643583454907001,0.9455978850353539
854,c2_5,0.7652270341066498,0.9487897521381987
855,c2_5,0.7662531747187709,0.9513066249763953
856,c2_5,0.7671548132777066,0.9537470077977142
857,c2_5,0.7676349336407808,0.9557569284983383
858,c2_5,0.7680235018936568,0.956938874900559
859,c2_5,0.7682440280194562,0.9574173490575613
860,c2_5,0.7687945202309199,0.9574983110368551
861,c2_5,0.769550476474862,0.957105270821563
862,c2_5,0.7705839148057438,0.9565397165167786
863,c2_5,0.7715978190808888,0.9554476760186847
864,c2_5,0.7727406973716353,0.9540061353791895
865,c2_5,0.7736105655378576,0.9523111186709083
866,c2_5,0.7749829138792363,0.9504960718718585
867,c2_5,0.7763357281648773,0.948154538879499
868,c2_5,0.7777125484686724,0.9459135019221707
869,c2_5,0.7793428448412536,0.9433994548403191
870,c2_5,0.781657079403316,0.9401908794380816
871,c2_5,0.7846792581730129,0.9363882717504897
872,c2_5,0.7873324027455721,0.9319302038539867
873,c2_5,0.7903155134037938,0.9270746237797756
874,c2_5,0.7920491315677514,0.9218801336950677
875,c2_5,0.7917114011075275,0.9182427423782071
876,c2_5,0.7908142345110072,0.9153763693986097
877,c2_5,0.7901554818899532,0.9112845099429006
878,c2_5,0.789487785344066,0.9080446308037484
879,c2_5,0.7871446061456346,0.9044613696916834
880,c2_5,0.7842252825115144,0.8984662037388693
881,c2_5,0.7816839369993658,0.8922745176784095
882,c2_5,0.778157165192642,0.8868493779927964
883,c2_5,0.7744969474079006,0.8821997286068628
884,c2_5,0.7702203375257226,0.8789720858046868
885,c2_5,0.766384779895144,0.8767013913165156
886,c2_5,0.7619373021295459,0.8754267132538236
887,c2_5,0.7568298921926204,0.8749470595465485
888,c2_5,0.7518709903270331,0.8746443918911819
889,c2_5,0.7463615962499826,0.8742607622565217
890,c2_5,0.7414791844012729,0.8738335925479701
891,c2_5,0.7370227627108421,0.8734108948018353
892,c2_5,0.7327148490917494,0.8731651831076088
893,c2_5,0.7280289573506855,0.8731159915210285
894,c2_5,0.7231420735395595,0.8731148119707557
895,c2_5,0.7185041938348036,0.8732666124542379
896,c2_5,0.7143403163246331,0.8736238769701987
897,c2_5,0.711229411201082,0.873942073374685
898,c2_5,0.7093199865354891,0.8743981877196054
899,c2_5,0.7087890283797633,0.8748437119336212
900,c2_5,0.7097655107495053,0.8749291458753314
901,c2_5,0.7112444732944034,0.8748945497262732
902,c2_5,0.7126994298211473,0.8747594575421838
903,c2_5,0.7140538903128602,0.8746483713762481
904,c2_5,0.7152073587345114,0.8745852972466197
905,c2_5,0.716111823049792,0.8743692430832364
906,c2_5,0.717040293383227,0.8742536849548843
907,c2_5,0.7180452537335387,0.8740136247733472
908,c2_5,0.7191507101188819,0.8737495585736565
909,c2_5,0.7205816606274724,0.8735139703545358
910,c2_5,0.7219361211191853,0.8734028841886001
911,c2_5,0.723041577504528,0.8731388179889095
912,c2_5,0.7240705438729944,0.8729992538424036
913,c2_5,0.7254250043647077,0.8728881676764677
914,c2_5,0.726731452820113,0.8725760894404697
915,c2_5,0.7285643874688286,0.8722444771487343
916,c2_5,0.730320832100666,0.8720373669101837
917,c2_5,0.7318762846624418,0.8718782687079405
918,c2_5,0.7331302491191236,0.8717911885601586
919,c2_5,0.7344082195939587,0.8718046044474077
920,c2_5,0.7356861900687943,0.871818020334657
921,c2_5,0.7371651526136924,0.8717834241855986
922,c2_5,0.7385676251417128,0.8718733300897252
923,c2_5,0.7404440998643191,0.8721687000263307
924,c2_5,0.7419185904468004,0.8725600940355511
925,c2_5,0.7432445729579436,0.8727745019928626
926,c2_5,0.7443455573808708,0.8729364259514505
927,c2_5,0.7455710438569825,0.8731748399269157
928,c2_5,0.7466720282799089,0.8733367638855034
929,c2_5,0.7475720206327732,0.8735466998803987
930,c2_5,0.7482950269337292,0.8739051439466325
931,c2_5,0.7487405511477454,0.8744361021023586
932,c2_5,0.7490615733085759,0.8748905702412071
933,c2_5,0.7493825954694069,0.8753450383800556
934,c2_5,0.7494786195420216,0.8757470225201804
935,c2_5,0.7495746436146367,0.8761490066603053
936,c2_5,0.7498476537391601,0.8764024827290915
937,c2_5,0.750221159898715,0.8766319527797239
938,c2_5,0.7505946660582694,0.8768614228303566
939,c2_5,0.7508676761827928,0.8771148988991428
940,c2_5,0.7510401902722852,0.8773923809860826
941,c2_5,0.751313200396809,0.8776458570548689
942,c2_5,0.7515622045031787,0.8777988370886238
943,c2_5,0.7517347185926706,0.8780763191755638
944,c2_5,0.7518832266640092,0.8782533052274724
