frame,id,x,y,cam_id
11,1,-0.3081000000000056,3.1035999999999895,2
11,2,1.5248999999999944,3.4553999999999903,2
12,1,-0.3111000000000057,3.1073999999999895,2
12,2,1.5245999999999942,3.45499999999999,2
13,1,-0.31750000000000567,3.1140999999999894,2
13,2,1.5243999999999942,3.45469999999999,2
14,1,-0.3241000000000056,3.1202999999999896,2
14,2,1.5242999999999944,3.45449999999999,2
15,1,-0.3301000000000056,3.1300999999999894,2
15,2,1.5241999999999942,3.45439999999999,2
16,1,-0.3382000000000056,3.1485999999999894,2
16,2,1.5241999999999942,3.45429999999999,2
17,1,-0.3483000000000056,3.1713999999999896,2
17,2,1.5240999999999945,3.45419999999999,2
18,1,-0.3623000000000056,3.1955999999999896,2
18,2,1.5240999999999945,3.45399999999999,2
19,1,-0.3738000000000057,3.2194999999999894,2
19,2,1.5239999999999942,3.45379999999999,2
20,1,-0.38210000000000566,3.2428999999999895,2
20,2,1.5239999999999942,3.45379999999999,2
21,1,-0.38730000000000553,3.2645999999999895,2
21,2,1.5238999999999945,3.45379999999999,2
22,1,-0.38950000000000573,3.2849999999999895,2
22,2,1.5237999999999943,3.45379999999999,2
23,1,-0.38750000000000573,3.3054999999999897,2
23,2,1.5236999999999945,3.45389999999999,2
24,1,-0.3816000000000057,3.3266999999999896,2
24,2,1.5235999999999943,3.4536999999999902,2
24,3,1.0746999999999933,6.599299999999991,2
25,1,-0.3738000000000057,3.34869999999999,2
25,2,1.5232999999999945,3.45329999999999,2
25,3,1.0744999999999933,6.59989999999999,2
26,1,-0.3638000000000057,3.3731999999999895,2
26,2,1.5230999999999946,3.45289999999999,2
26,3,1.0739999999999936,6.6012999999999895,2
27,1,-0.35320000000000573,3.3990999999999896,2
27,2,1.5228999999999941,3.45269999999999,2
27,3,1.0735999999999937,6.60229999999999,2
28,1,-0.3393000000000057,3.4288999999999894,2
28,2,1.5226999999999942,3.45229999999999,2
29,1,-0.32560000000000566,3.4588999999999896,2
29,2,1.5223999999999944,3.45199999999999,2
30,1,-0.3110000000000057,3.4910999999999897,2
30,2,1.5220999999999942,3.4513999999999903,2
30,3,1.0730999999999935,6.60229999999999,2
31,1,-0.29760000000000564,3.5232999999999897,2
31,2,1.5216999999999943,3.45089999999999,2
31,3,1.0725999999999933,6.60329999999999,2
32,1,-0.2860000000000056,3.5534999999999894,2
32,2,1.5212999999999943,3.45039999999999,2
32,3,1.0723999999999934,6.6035999999999895,2
33,1,-0.27610000000000556,3.5818999999999894,2
34,1,-0.27050000000000574,3.6142999999999894,2
34,2,1.5214999999999943,3.45069999999999,2
35,1,-0.33050000000000557,3.7042999999999897,2
35,2,1.5217999999999945,3.45099999999999,2
35,3,1.0723999999999934,6.60559999999999,2
36,1,-0.40570000000000594,3.80999999999999,2
36,2,1.5219999999999945,3.45129999999999,2
36,3,1.0723999999999934,6.60809999999999,2
37,1,-0.41190000000000593,3.8578999999999897,2
37,3,1.0718999999999936,6.6122999999999905,2
38,1,-0.4088000000000058,3.8972999999999898,2
38,3,1.0714999999999937,6.61479999999999,2
38,2,1.5212999999999943,3.45029999999999,2
39,1,-0.40240000000000586,3.9297999999999895,2
39,3,1.0708999999999933,6.61519999999999,2
39,2,1.5205999999999942,3.44909999999999,2
40,1,-0.39720000000000577,3.9605999999999897,2
41,1,-0.39540000000000575,3.9942999999999897,2
41,2,1.5196999999999945,3.4475999999999902,2
42,1,-0.39340000000000575,4.02789999999999,2
42,3,1.0704999999999933,6.61329999999999,2
43,1,-0.3898000000000059,4.0566999999999895,2
43,3,1.0702999999999934,6.61249999999999,2
43,2,1.5189999999999944,3.44639999999999,2
44,1,-0.3840000000000059,4.08869999999999,2
44,3,1.0700999999999934,6.61279999999999,2
45,1,-0.37450000000000583,4.12259999999999,2
45,2,1.5187999999999944,3.44599999999999,2
46,1,-0.3640000000000059,4.15519999999999,2
46,2,1.5185999999999944,3.44579999999999,2
46,3,1.0693999999999937,6.61419999999999,2
47,1,-0.3544000000000058,4.18699999999999,2
47,2,1.5181999999999944,3.44559999999999,2
47,3,1.0687999999999933,6.61489999999999,2
48,1,-0.34520000000000595,4.2205999999999895,2
48,2,1.5177999999999945,3.44499999999999,2
48,3,1.0682999999999936,6.61519999999999,2
49,1,-0.33690000000000575,4.25139999999999,2
49,2,1.5173999999999945,3.44419999999999,2
49,3,1.0680999999999936,6.61539999999999,2
50,1,-0.3305000000000058,4.283499999999989,2
50,2,1.5172999999999943,3.44419999999999,2
50,3,1.0681999999999934,6.61549999999999,2
51,1,-0.32870000000000577,4.31949999999999,2
51,3,1.0682999999999936,6.61519999999999,2
52,1,-0.3385000000000058,4.368199999999989,2
52,3,1.0684999999999936,6.61539999999999,2
52,2,1.5174999999999943,3.44459999999999,2
53,1,-0.3536000000000059,4.42479999999999,2
53,3,1.0682999999999936,6.61599999999999,2
53,2,1.5175999999999945,3.44459999999999,2
54,1,-0.3617000000000059,4.473699999999989,2
54,3,1.0683999999999934,6.61639999999999,2
54,2,1.5175999999999945,3.44449999999999,2
55,1,-0.3726000000000058,4.52719999999999,2
55,3,1.0683999999999934,6.61639999999999,2
55,2,1.5175999999999945,3.44449999999999,2
56,1,-0.3778000000000059,4.5726999999999896,2
56,3,1.0689999999999933,6.6149999999999896,2
56,2,1.5175999999999945,3.44439999999999,2
57,1,-0.3819000000000059,4.616199999999989,2
57,3,1.0697999999999936,6.61239999999999,2
57,2,1.5174999999999943,3.44429999999999,2
58,1,-0.38250000000000584,4.65459999999999,2
58,3,1.0710999999999933,6.60809999999999,2
58,2,1.5174999999999943,3.44419999999999,2
59,1,-0.38150000000000617,4.68929999999999,2
59,3,1.0729999999999933,6.602099999999989,2
59,2,1.5176999999999943,3.44439999999999,2
60,1,-0.3781000000000061,4.71899999999999,2
60,3,1.0759999999999934,6.592399999999991,2
60,2,1.5179999999999945,3.44479999999999,2
61,1,-0.371100000000006,4.74659999999999,2
61,3,1.0803999999999934,6.57459999999999,2
61,2,1.5182999999999942,3.4452999999999903,2
62,1,-0.362800000000006,4.772099999999989,2
62,2,1.5186999999999942,3.44569999999999,2
63,1,-0.3532000000000062,4.79699999999999,2
63,2,1.5187999999999944,3.44589999999999,2
64,1,-0.34350000000000613,4.820499999999989,2
64,2,1.5190999999999946,3.44639999999999,2
64,3,1.0923999999999934,6.52369999999999,2
65,1,-0.33420000000000605,4.84269999999999,2
65,2,1.5192999999999945,3.44679999999999,2
65,3,1.0931999999999933,6.51919999999999,2
66,1,-0.32710000000000616,4.86369999999999,2
66,2,1.5193999999999943,3.44699999999999,2
66,3,1.0905999999999936,6.52799999999999,2
67,1,-0.32280000000000597,4.884199999999989,2
67,2,1.5192999999999945,3.44719999999999,2
67,3,1.0873999999999935,6.53809999999999,2
68,1,-0.3256000000000061,4.91139999999999,2
68,2,1.5190999999999946,3.44699999999999,2
68,3,1.0957999999999934,6.49829999999999,2
69,1,-0.33540000000000614,4.944399999999989,2
69,2,1.5187999999999944,3.44679999999999,2
69,3,1.1071999999999935,6.44439999999999,2
70,1,-0.352600000000006,4.983599999999989,2
70,2,1.5183999999999944,3.44649999999999,2
70,3,1.1179999999999937,6.39099999999999,2
71,1,-0.37170000000000614,5.02229999999999,2
71,3,1.1287999999999934,6.33589999999999,2
72,1,-0.39780000000000615,5.06829999999999,2
72,3,1.1380999999999935,6.28659999999999,2
73,1,-0.42480000000000606,5.11379999999999,2
73,3,1.1456999999999935,6.244899999999991,2
74,1,-0.44900000000000606,5.15459999999999,2
74,3,1.1501999999999937,6.21659999999999,2
74,2,1.5175999999999945,3.44519999999999,2
75,1,-0.469700000000006,5.18999999999999,2
75,3,1.1538999999999935,6.1942999999999895,2
75,2,1.5167999999999942,3.44409999999999,2
76,1,-0.48660000000000614,5.22009999999999,2
76,3,1.1569999999999934,6.17539999999999,2
76,2,1.5161999999999942,3.44309999999999,2
77,1,-0.497900000000006,5.24299999999999,2
77,3,1.1596999999999933,6.15859999999999,2
77,2,1.5157999999999943,3.44249999999999,2
78,1,-0.506100000000006,5.26339999999999,2
78,3,1.1624999999999934,6.14189999999999,2
78,2,1.5155999999999943,3.44219999999999,2
79,1,-0.5126000000000062,5.28329999999999,2
79,2,1.5156999999999945,3.44229999999999,2
80,1,-0.5168000000000061,5.301799999999989,2
80,2,1.5160999999999945,3.44279999999999,2
81,1,-0.5192000000000061,5.318699999999989,2
81,2,1.5166999999999944,3.44349999999999,2
81,3,1.1610999999999936,6.12029999999999,2
82,1,-0.522100000000006,5.33559999999999,2
82,2,1.5170999999999943,3.44419999999999,2
82,3,1.1541999999999937,6.11019999999999,2
83,1,-0.5266000000000062,5.35389999999999,2
83,2,1.5168999999999944,3.44409999999999,2
83,3,1.1451999999999933,6.10199999999999,2
84,1,-0.5356000000000061,5.37749999999999,2
84,2,1.5164999999999944,3.44369999999999,2
84,3,1.1351999999999935,6.09309999999999,2
85,1,-0.5397000000000061,5.392699999999989,2
85,2,1.5159999999999942,3.4431999999999903,2
85,3,1.1263999999999936,6.07899999999999,2
86,1,-0.5407000000000062,5.40299999999999,2
86,2,1.5153999999999943,3.44229999999999,2
86,3,1.1193999999999935,6.05829999999999,2
87,1,-0.5513000000000061,5.42549999999999,2
87,2,1.5147999999999944,3.44169999999999,2
88,1,-0.568700000000006,5.45619999999999,2
88,2,1.5141999999999944,3.44099999999999,2
88,3,1.1115999999999935,6.03489999999999,2
89,1,-0.5898000000000061,5.49059999999999,2
89,2,1.5138999999999943,3.44059999999999,2
89,3,1.1047999999999938,6.013699999999989,2
90,1,-0.6138000000000061,5.52579999999999,2
90,2,1.5134999999999943,3.44009999999999,2
90,3,1.101099999999994,5.98669999999999,2
91,1,-0.641000000000006,5.56389999999999,2
91,2,1.5132999999999943,3.43989999999999,2
91,3,1.0986999999999938,5.95719999999999,2
92,1,-0.6688000000000063,5.601399999999989,2
92,2,1.5130999999999943,3.43949999999999,2
92,3,1.0973999999999937,5.9285999999999905,2
93,1,-0.6966000000000063,5.637299999999989,2
93,2,1.5128999999999944,3.43909999999999,2
93,3,1.096299999999994,5.90309999999999,2
94,1,-0.7243000000000064,5.669299999999989,2
94,2,1.5126999999999944,3.43889999999999,2
94,3,1.0954999999999941,5.881299999999991,2
95,1,-0.7517000000000063,5.696699999999989,2
95,2,1.5122999999999944,3.43829999999999,2
95,3,1.094599999999994,5.86449999999999,2
96,1,-0.7771000000000063,5.718099999999989,2
96,2,1.5116999999999945,3.43759999999999,2
96,3,1.093499999999994,5.85069999999999,2
97,1,-0.8018000000000063,5.736299999999989,2
97,2,1.5109999999999943,3.43679999999999,2
97,3,1.0923999999999938,5.8401999999999905,2
98,1,-0.8245000000000062,5.7487999999999895,2
98,2,1.5104999999999942,3.43629999999999,2
98,3,1.0914999999999941,5.83199999999999,2
99,1,-0.8414000000000064,5.75269999999999,2
99,2,1.5098999999999942,3.4353999999999902,2
99,3,1.0904999999999938,5.82589999999999,2
100,1,-0.8554000000000064,5.75179999999999,2
100,2,1.5090999999999943,3.43449999999999,2
100,3,1.089799999999994,5.822599999999991,2
101,1,-0.8660000000000063,5.743999999999989,2
101,2,1.5083999999999942,3.4334999999999902,2
101,3,1.090999999999994,5.81479999999999,2
102,1,-0.8780000000000063,5.736999999999989,2
102,2,1.5077999999999943,3.43259999999999,2
102,3,1.0946999999999938,5.79849999999999,2
103,1,-0.8923000000000063,5.73359999999999,2
103,2,1.5073999999999943,3.43189999999999,2
103,3,1.101499999999994,5.77109999999999,2
104,1,-0.9157000000000064,5.741199999999989,2
104,2,1.5069999999999943,3.43129999999999,2
104,3,1.1087999999999938,5.736499999999991,2
105,1,-0.9463000000000064,5.75579999999999,2
105,2,1.5065999999999944,3.43069999999999,2
105,3,1.114799999999994,5.69699999999999,2
106,1,-0.9806000000000064,5.77229999999999,2
106,2,1.5061999999999944,3.43009999999999,2
106,3,1.1186999999999938,5.65459999999999,2
107,1,-1.0127000000000064,5.78409999999999,2
107,2,1.5057999999999945,3.4294999999999902,2
107,3,1.1207999999999938,5.61259999999999,2
108,1,-1.0434000000000063,5.78929999999999,2
108,2,1.5055999999999945,3.42919999999999,2
108,3,1.1220999999999939,5.57289999999999,2
109,1,-1.0736000000000063,5.7933999999999894,2
109,2,1.5054999999999943,3.42899999999999,2
109,3,1.122999999999994,5.535799999999989,2
110,1,-1.1021000000000063,5.797399999999989,2
110,2,1.5053999999999945,3.42869999999999,2
110,3,1.123799999999994,5.50029999999999,2
111,1,-1.1244000000000063,5.79599999999999,2
111,2,1.5053999999999945,3.42849999999999,2
111,3,1.1249999999999938,5.46599999999999,2
112,1,-1.1437000000000062,5.791999999999989,2
112,2,1.5053999999999945,3.42849999999999,2
112,3,1.1260999999999939,5.43419999999999,2
113,1,-1.1610000000000062,5.787699999999989,2
113,2,1.5053999999999945,3.42849999999999,2
113,3,1.126799999999994,5.40629999999999,2
114,1,-1.1764000000000063,5.78339999999999,2
114,2,1.5053999999999945,3.42849999999999,2
114,3,1.1270999999999938,5.38239999999999,2
115,1,-1.1909000000000063,5.779399999999989,2
115,3,1.126599999999994,5.36279999999999,2
116,1,-1.2058000000000062,5.774899999999989,2
116,3,1.125099999999994,5.3462999999999905,2
116,2,1.5052999999999943,3.42849999999999,2
117,1,-1.2214000000000063,5.772299999999989,2
117,3,1.1228999999999938,5.3325999999999905,2
117,2,1.5051999999999945,3.42859999999999,2
118,1,-1.2379000000000062,5.773399999999989,2
118,3,1.120099999999994,5.321099999999991,2
118,2,1.5050999999999943,3.42869999999999,2
119,1,-1.253700000000006,5.774799999999989,2
119,3,1.116499999999994,5.31099999999999,2
120,1,-1.2730000000000063,5.777199999999989,2
120,3,1.109299999999994,5.29589999999999,2
120,2,1.4887999999999946,3.40679999999999,2
121,1,-1.2928000000000062,5.778599999999989,2
121,3,1.0986999999999938,5.27779999999999,2
122,1,-1.3243000000000062,5.793199999999989,2
122,3,1.085799999999994,5.25369999999999,2
122,2,1.4869999999999943,3.40429999999999,2
123,1,-1.3621000000000063,5.816799999999989,2
123,3,1.072499999999994,5.2247999999999895,2
123,2,1.4888999999999943,3.40679999999999,2
124,1,-1.4036000000000062,5.84509999999999,2
124,3,1.059899999999994,5.19259999999999,2
124,2,1.4914999999999945,3.41019999999999,2
125,1,-1.4439000000000064,5.869199999999989,2
125,3,1.048099999999994,5.15589999999999,2
125,2,1.4939999999999944,3.41349999999999,2
126,1,-1.4819000000000062,5.887999999999989,2
126,3,1.0376999999999938,5.11619999999999,2
126,2,1.4960999999999944,3.41639999999999,2
127,1,-1.5158000000000063,5.901699999999989,2
127,3,1.028699999999994,5.07559999999999,2
127,2,1.4977999999999945,3.41869999999999,2
128,1,-1.5452000000000063,5.908699999999989,2
128,3,1.0209999999999941,5.03749999999999,2
128,2,1.4990999999999945,3.42059999999999,2
129,1,-1.5718000000000063,5.91069999999999,2
129,3,1.0155999999999938,4.99939999999999,2
129,2,1.5003999999999942,3.42239999999999,2
130,1,-1.5961000000000063,5.910799999999989,2
130,3,1.010999999999994,4.9621999999999895,2
130,2,1.5014999999999943,3.42389999999999,2
131,1,-1.6188000000000062,5.90919999999999,2
131,3,1.0056999999999938,4.9274999999999896,2
131,2,1.5023999999999944,3.42519999999999,2
132,1,-1.6421000000000063,5.904499999999989,2
132,3,1.000299999999994,4.89679999999999,2
132,2,1.5030999999999946,3.42619999999999,2
133,1,-1.6623000000000063,5.894799999999989,2
133,3,0.9951999999999939,4.87019999999999,2
133,2,1.5035999999999943,3.42689999999999,2
134,1,-1.6831000000000063,5.88859999999999,2
134,3,0.9900999999999938,4.84699999999999,2
134,2,1.5037999999999943,3.42699999999999,2
135,1,-1.7010000000000063,5.882699999999989,2
135,3,0.9846999999999939,4.8268999999999895,2
135,2,1.5024999999999942,3.4252999999999902,2
136,1,-1.7172000000000063,5.878799999999989,2
136,3,0.9787999999999939,4.81009999999999,2
136,2,1.5011999999999945,3.42349999999999,2
137,1,-1.7336000000000062,5.875799999999989,2
137,3,0.9726999999999939,4.79519999999999,2
137,2,1.5013999999999945,3.42359999999999,2
138,1,-1.7507000000000064,5.873899999999989,2
138,3,0.9663999999999939,4.78179999999999,2
138,2,1.5019999999999945,3.42429999999999,2
139,1,-1.7729000000000061,5.87409999999999,2
139,3,0.9623999999999939,4.76489999999999,2
140,1,-1.7983000000000062,5.876899999999989,2
140,3,0.9626999999999941,4.74019999999999,2
140,2,1.5025999999999944,3.42509999999999,2
141,1,-1.8269000000000062,5.881999999999989,2
141,3,0.9658999999999938,4.70949999999999,2
141,2,1.5029999999999943,3.42559999999999,2
142,1,-1.8639000000000063,5.89319999999999,2
142,3,0.9707999999999939,4.67259999999999,2
142,2,1.5030999999999946,3.42569999999999,2
143,1,-1.9038000000000062,5.903299999999989,2
143,3,0.9746999999999941,4.62989999999999,2
143,2,1.5031999999999943,3.42579999999999,2
144,1,-1.9420000000000064,5.90919999999999,2
144,3,0.9770999999999939,4.58619999999999,2
144,2,1.5047999999999946,3.42759999999999,2
145,1,-1.9778000000000062,5.91139999999999,2
145,3,0.977799999999994,4.54209999999999,2
145,2,1.5050999999999943,3.42799999999999,2
146,3,0.977999999999994,4.49749999999999,2
146,4,0.8534999999999942,2.55379999999999,2
146,2,1.5050999999999943,3.42809999999999,2
147,3,0.978199999999994,4.45519999999999,2
147,4,0.8539999999999943,2.55449999999999,2
147,2,1.5050999999999943,3.42809999999999,2
148,3,0.9786999999999941,4.41579999999999,2
148,4,0.8540999999999945,2.5546999999999898,2
148,2,1.5052999999999943,3.42829999999999,2
149,3,0.9793999999999938,4.37869999999999,2
149,4,0.8533999999999944,2.5535999999999897,2
149,2,1.5055999999999945,3.42889999999999,2
150,3,0.979499999999994,4.34609999999999,2
150,4,0.8521999999999945,2.55189999999999,2
150,2,1.5059999999999945,3.4294999999999902,2
151,3,0.9797999999999938,4.31829999999999,2
151,4,0.8518999999999943,2.5512999999999897,2
152,3,0.9792999999999941,4.29569999999999,2
152,4,0.8516999999999944,2.55099999999999,2
153,3,0.9778999999999938,4.27639999999999,2
153,4,0.8517999999999946,2.5508999999999897,2
154,3,0.9763999999999937,4.26109999999999,2
154,4,0.8515999999999946,2.5506999999999898,2
155,3,0.9748999999999941,4.24979999999999,2
155,4,0.8501999999999943,2.54889999999999,2
155,2,1.5059999999999945,3.42979999999999,2
156,4,0.8490999999999942,2.5472999999999897,2
157,4,0.8487999999999944,2.5468999999999897,2
157,3,0.9771999999999941,4.22899999999999,2
157,2,1.5066999999999942,3.4309999999999903,2
158,4,0.8484999999999943,2.5463999999999896,2
158,3,0.9742999999999937,4.21539999999999,2
159,4,0.8486999999999942,2.5466999999999897,2
159,3,0.9679999999999942,4.20329999999999,2
160,4,0.8479999999999945,2.54569999999999,2
160,3,0.9598999999999944,4.19059999999999,2
161,4,0.8473999999999942,2.5449999999999897,2
161,3,0.9500999999999942,4.17609999999999,2
162,4,0.8473999999999942,2.54489999999999,2
162,3,0.9375999999999944,4.15969999999999,2
163,4,0.8469999999999942,2.54439999999999,2
163,3,0.9232999999999945,4.14359999999999,2
164,4,0.8461999999999943,2.5432999999999897,2
164,3,0.9082999999999943,4.12549999999999,2
165,4,0.8455999999999944,2.5424999999999898,2
165,3,0.8940999999999946,4.10819999999999,2
166,4,0.8462999999999945,2.54339999999999,2
166,3,0.8808999999999942,4.09239999999999,2
167,4,0.8474999999999944,2.54509999999999,2
168,4,0.8477999999999946,2.5455999999999896,2
168,3,0.8681999999999945,4.07589999999999,2
169,4,0.8492999999999942,2.5474999999999897,2
169,3,0.8570999999999942,4.06129999999999,2
170,4,0.8509999999999942,2.5497999999999896,2
171,4,0.8515999999999946,2.5506999999999898,2
171,3,0.8458999999999945,4.04579999999999,2
172,4,0.8536999999999946,2.55349999999999,2
172,3,0.8363999999999945,4.03379999999999,2
173,4,0.8573999999999944,2.55849999999999,2
173,3,0.8277999999999945,4.02309999999999,2
174,4,0.8630999999999944,2.56619999999999,2
174,3,0.8201999999999945,4.01469999999999,2
175,4,0.8662999999999945,2.57049999999999,2
175,3,0.8142999999999945,4.00779999999999,2
176,3,0.8102999999999945,3.99969999999999,2
177,3,0.8081999999999945,3.98849999999999,2
177,4,0.8694999999999942,2.57469999999999,2
178,3,0.8070999999999944,3.9719999999999898,2
178,4,0.8734999999999942,2.58009999999999,2
179,3,0.8076999999999943,3.9538999999999898,2
179,4,0.8772999999999942,2.5851999999999897,2
180,3,0.8088999999999942,3.93729999999999,2
180,4,0.8804999999999943,2.58949999999999,2
181,3,0.8101999999999943,3.9224999999999897,2
181,4,0.8832999999999944,2.59309999999999,2
182,3,0.8120999999999943,3.9081999999999897,2
182,4,0.8856999999999942,2.59629999999999,2
183,3,0.8138999999999945,3.89449999999999,2
183,4,0.8876999999999944,2.5988999999999898,2
184,3,0.8154999999999943,3.88159999999999,2
184,4,0.8893999999999944,2.60109999999999,2
185,3,0.8166999999999942,3.86999999999999,2
185,4,0.8905999999999943,2.60269999999999,2
186,3,0.8167999999999944,3.85949999999999,2
186,4,0.8912999999999944,2.60369999999999,2
187,3,0.8167999999999944,3.85109999999999,2
187,4,0.8915999999999942,2.60419999999999,2
188,3,0.8160999999999943,3.84389999999999,2
188,4,0.8920999999999943,2.60479999999999,2
189,3,0.8155999999999946,3.83849999999999,2
189,4,0.8924999999999943,2.60529999999999,2
190,3,0.8156999999999943,3.83359999999999,2
190,4,0.8928999999999943,2.6057999999999897,2
191,3,0.8154999999999943,3.82879999999999,2
191,4,0.8932999999999942,2.60639999999999,2
192,3,0.8149999999999942,3.82439999999999,2
192,4,0.8937999999999944,2.60699999999999,2
193,3,0.8143999999999942,3.82049999999999,2
193,4,0.8939999999999944,2.60719999999999,2
194,3,0.8133999999999943,3.8174999999999897,2
194,4,0.8940999999999946,2.60739999999999,2
195,3,0.8122999999999942,3.8149999999999897,2
195,4,0.8939999999999944,2.60719999999999,2
196,3,0.8112999999999944,3.81299999999999,2
196,4,0.8938999999999946,2.60699999999999,2
197,3,0.8105999999999942,3.81169999999999,2
197,4,0.8936999999999942,2.60689999999999,2
198,3,0.8101999999999943,3.8109999999999897,2
198,4,0.8936999999999942,2.60679999999999,2
199,3,0.8096999999999945,3.81129999999999,2
199,4,0.8936999999999942,2.60679999999999,2
200,3,0.8095999999999943,3.81229999999999,2
200,4,0.8938999999999946,2.60699999999999,2
201,3,0.8097999999999943,3.81409999999999,2
201,4,0.8934999999999942,2.60649999999999,2
202,3,0.8102999999999945,3.81599999999999,2
202,4,0.8924999999999943,2.60519999999999,2
203,3,0.8111999999999941,3.81859999999999,2
203,4,0.8921999999999946,2.60479999999999,2
204,3,0.8126999999999942,3.8218999999999896,2
204,4,0.8925999999999945,2.60529999999999,2
205,3,0.8143999999999942,3.8252999999999897,2
205,4,0.8932999999999942,2.60629999999999,2
206,3,0.8165999999999944,3.82979999999999,2
206,4,0.8920999999999943,2.60469999999999,2
207,3,0.8186999999999944,3.83419999999999,2
207,4,0.8922999999999943,2.6049999999999898,2
208,3,0.8209999999999944,3.8382999999999896,2
208,4,0.8921999999999946,2.60479999999999,2
209,3,0.8238999999999943,3.84259999999999,2
209,4,0.8925999999999945,2.6053999999999897,2
210,3,0.8263999999999943,3.84659999999999,2
210,4,0.8928999999999943,2.60589999999999,2
211,3,0.8276999999999943,3.85019999999999,2
212,3,0.8276999999999943,3.8538999999999897,2
213,3,0.8270999999999944,3.8570999999999898,2
213,4,0.8934999999999942,2.60669999999999,2
214,3,0.8258999999999945,3.8593999999999897,2
214,4,0.8939999999999944,2.60739999999999,2
215,3,0.8243999999999945,3.86089999999999,2
215,4,0.8947999999999943,2.60839999999999,2
216,3,0.8226999999999944,3.86139999999999,2
216,4,0.8957999999999942,2.6095999999999897,2
217,3,0.8212999999999946,3.86119999999999,2
217,4,0.8964999999999943,2.61039999999999,2
218,3,0.8199999999999945,3.86009999999999,2
218,4,0.8969999999999945,2.61099999999999,2
219,3,0.8186999999999944,3.8593999999999897,2
219,4,0.8971999999999944,2.61119999999999,2
220,3,0.8177999999999943,3.85869999999999,2
220,4,0.8972999999999942,2.61119999999999,2
221,3,0.8169999999999944,3.85779999999999,2
221,4,0.8972999999999942,2.61119999999999,2
222,3,0.8159999999999945,3.85719999999999,2
222,4,0.8970999999999942,2.61099999999999,2
223,3,0.8153999999999946,3.8565999999999896,2
223,4,0.8970999999999942,2.61099999999999,2
224,3,0.8147999999999942,3.8561999999999896,2
224,4,0.8969999999999945,2.61089999999999,2
225,3,0.8141999999999943,3.85569999999999,2
225,4,0.8970999999999942,2.61099999999999,2
226,3,0.8137999999999943,3.85549999999999,2
226,4,0.8973999999999944,2.61129999999999,2
227,3,0.8135999999999943,3.8553999999999897,2
227,4,0.8975999999999944,2.61159999999999,2
228,3,0.8137999999999943,3.85509999999999,2
229,3,0.8135999999999943,3.85549999999999,2
230,3,0.8133999999999943,3.8557999999999897,2
231,3,0.8131999999999944,3.85599999999999,2
232,3,0.8128999999999942,3.8561999999999896,2
233,3,0.8126999999999942,3.85629999999999,2
234,3,0.8126999999999942,3.85569999999999,2
235,3,0.8125999999999944,3.8551999999999897,2
236,3,0.8124999999999942,3.85439999999999,2
236,4,0.8968999999999943,2.61079999999999,2
237,3,0.8129999999999944,3.8534999999999897,2
238,3,0.8138999999999945,3.85229999999999,2
239,3,0.8147999999999942,3.8515999999999897,2
239,4,0.8947999999999943,2.60809999999999,2
240,3,0.8154999999999943,3.85109999999999,2
240,4,0.8882999999999943,2.5992999999999897,2
241,3,0.8163999999999945,3.8504999999999896,2
241,4,0.8874999999999944,2.59819999999999,2
242,3,0.8169999999999944,3.84989999999999,2
243,3,0.8173999999999944,3.84879999999999,2
243,4,0.8880999999999943,2.59899999999999,2
244,3,0.8170999999999942,3.84799999999999,2
244,4,0.8869999999999942,2.59749999999999,2
245,3,0.8169999999999944,3.8471999999999897,2
245,4,0.8854999999999942,2.59559999999999,2
246,3,0.8168999999999942,3.84689999999999,2
246,4,0.8818999999999946,2.59079999999999,2
247,3,0.8172999999999946,3.84639999999999,2
247,4,0.8765999999999945,2.5836999999999897,2
248,3,0.8176999999999945,3.8456999999999897,2
249,3,0.8180999999999945,3.8454999999999897,2
249,4,0.8757999999999946,2.58269999999999,2
250,3,0.8182999999999945,3.8456999999999897,2
250,4,0.8749999999999942,2.58149999999999,2
251,3,0.8186999999999944,3.84599999999999,2
251,4,0.8718999999999943,2.5771999999999897,2
252,3,0.8189999999999942,3.84659999999999,2
252,4,0.8701999999999943,2.5748999999999898,2
253,3,0.8199999999999945,3.8471999999999897,2
253,4,0.8686999999999943,2.57279999999999,2
254,3,0.8218999999999945,3.84829999999999,2
254,4,0.8660999999999945,2.56929999999999,2
255,3,0.8241999999999945,3.84979999999999,2
255,4,0.8632999999999944,2.5653999999999897,2
256,3,0.8263999999999943,3.85129999999999,2
256,4,0.8617999999999943,2.56359999999999,2
257,3,0.8283999999999945,3.85269999999999,2
257,4,0.8592999999999944,2.56029999999999,2
258,3,0.8300999999999945,3.8536999999999897,2
258,4,0.8565999999999945,2.55669999999999,2
259,3,0.8315999999999946,3.85439999999999,2
259,4,0.8547999999999942,2.5543999999999896,2
260,3,0.8326999999999942,3.8551999999999897,2
261,3,0.8335999999999943,3.8555999999999897,2
261,4,0.9656999999999942,2.70329999999999,2
262,3,0.8342999999999945,3.8557999999999897,2
263,3,0.8352999999999944,3.85609999999999,2
263,4,0.9414999999999942,2.67089999999999,2
264,3,0.8366999999999942,3.8570999999999898,2
264,4,0.9220999999999946,2.64479999999999,2
264,4,1.0391999999999944,2.80219999999999,2
265,3,0.8383999999999943,3.85859999999999,2
265,4,1.0004999999999944,2.7501999999999898,2
265,4,1.1046999999999945,2.89019999999999,2
266,3,0.8400999999999943,3.86059999999999,2
266,4,1.0529999999999942,2.8208999999999897,2
266,4,1.1470999999999942,2.94729999999999,2
267,3,0.8414999999999946,3.86239999999999,2
267,4,1.0870999999999942,2.86679999999999,2
267,4,1.1746999999999943,2.98449999999999,2
268,3,0.8429999999999942,3.86439999999999,2
268,4,1.1092999999999944,2.89699999999999,2
268,4,1.1925999999999943,3.00879999999999,2
269,3,0.8448999999999942,3.86629999999999,2
269,4,1.1235999999999944,2.91619999999999,2
270,3,0.8470999999999944,3.86849999999999,2
270,4,1.0684999999999945,2.84209999999999,2
271,3,0.8492999999999942,3.87039999999999,2
271,4,1.0249999999999946,2.78359999999999,2
271,4,1.1252999999999944,2.91819999999999,2
272,3,0.8508999999999944,3.87169999999999,2
273,3,0.8525999999999945,3.87189999999999,2
274,3,0.8539999999999943,3.87169999999999,2
274,4,1.0707999999999944,2.84519999999999,2
275,3,0.8551999999999942,3.8711999999999898,2
276,3,0.8560999999999943,3.8702999999999896,2
277,3,0.8567999999999945,3.86939999999999,2
278,3,0.8572999999999942,3.86859999999999,2
279,3,0.8577999999999943,3.86819999999999,2
280,3,0.8583999999999943,3.86789999999999,2
281,3,0.8588999999999944,3.86779999999999,2
282,3,0.8590999999999944,3.8675999999999897,2
283,3,0.8591999999999942,3.8671999999999898,2
284,3,0.8591999999999942,3.86699999999999,2
285,3,0.8593999999999942,3.86649999999999,2
286,3,0.8593999999999942,3.86649999999999,2
287,3,0.8593999999999942,3.86689999999999,2
288,3,0.8601999999999945,3.86619999999999,2
289,3,0.8605999999999945,3.86619999999999,2
290,3,0.8610999999999942,3.86619999999999,2
291,3,0.8616999999999946,3.86619999999999,2
292,3,0.8625999999999943,3.86599999999999,2
293,3,0.8635999999999942,3.8656999999999897,2
294,3,0.8646999999999943,3.86589999999999,2
295,3,0.8657999999999944,3.86619999999999,2
296,3,0.8666999999999945,3.8675999999999897,2
296,4,1.1620999999999944,2.96759999999999,2
297,3,0.8675999999999942,3.86979999999999,2
297,4,1.2351999999999945,3.06579999999999,2
298,3,0.8677999999999946,3.87199999999999,2
299,3,0.8678999999999943,3.87339999999999,2
300,1,2.187,0.1436,1
300,3,0.8679999999999946,3.87409999999999,2
301,1,2.1871,0.1443,1
301,3,0.8680999999999943,3.87409999999999,2
302,1,2.1871,0.1453,1
302,3,0.8681999999999945,3.87389999999999,2
303,1,2.187,0.1464,1
303,3,0.8685999999999945,3.87379999999999,2
304,1,2.187,0.1475,1
304,3,0.8694999999999942,3.87389999999999,2
305,1,2.187,0.1509,1
305,3,0.8703999999999943,3.87469999999999,2
306,1,2.187,0.1551,1
306,3,0.8712999999999944,3.87549999999999,2
307,1,2.1869,0.1597,1
307,3,0.8721999999999945,3.87659999999999,2
308,1,2.1865,0.1648,1
308,3,0.8729999999999944,3.87809999999999,2
309,1,2.1862,0.1695,1
309,3,0.8734999999999942,3.87949999999999,2
310,1,2.1861,0.1741,1
310,3,0.8741999999999943,3.88079999999999,2
311,1,2.1861,0.1768,1
311,3,0.8746999999999945,3.88219999999999,2
312,1,2.186,0.1765,1
312,3,0.8751999999999942,3.88339999999999,2
313,1,2.1858,0.1753,1
313,3,0.8758999999999943,3.88439999999999,2
314,1,2.1856,0.175,1
314,3,0.8765999999999945,3.88509999999999,2
315,1,2.1854,0.1752,1
315,3,0.8772999999999942,3.88559999999999,2
316,1,2.1852,0.1763,1
316,3,0.8782999999999945,3.88569999999999,2
316,5,-24.370000000000022,54.338199999999986,2
317,1,2.1851,0.179,1
317,3,0.8790999999999944,3.88609999999999,2
318,1,2.1847,0.1807,1
318,3,0.8798999999999944,3.88749999999999,2
318,6,-1.8972000000000062,5.912899999999989,2
319,1,2.1841,0.1823,1
319,3,0.8804999999999943,3.88919999999999,2
319,6,-1.8974000000000062,5.920799999999989,2
319,5,-24.139200000000017,53.899999999999984,2
320,1,2.183,0.1835,1
320,3,0.8810999999999942,3.89099999999999,2
320,6,-1.8946000000000063,5.929999999999989,2
321,1,2.182,0.1829,1
321,3,0.8818999999999946,3.89279999999999,2
321,6,-1.8893000000000062,5.93959999999999,2
322,1,2.1808,0.1813,1
322,3,0.8825999999999943,3.89429999999999,2
322,6,-1.8791000000000062,5.945399999999989,2
323,1,2.1791,0.1798,1
323,3,0.8835999999999942,3.89569999999999,2
323,6,-1.8651000000000062,5.946899999999989,2
324,1,2.1763,0.1798,1
324,3,0.8847999999999945,3.89679999999999,2
324,6,-1.8504000000000063,5.952299999999989,2
325,1,2.1729,0.1791,1
325,3,0.8860999999999946,3.8976999999999897,2
325,6,-1.8391000000000064,5.961099999999989,2
326,1,2.1692,0.1791,1
326,3,0.8877999999999941,3.89869999999999,2
326,6,-1.8156000000000063,5.961599999999989,2
327,1,2.1629,0.1802,1
327,3,0.8891999999999944,3.89989999999999,2
327,6,-1.7897000000000063,5.959899999999989,2
328,1,2.154,0.1811,1
328,3,0.8905999999999943,3.90079999999999,2
328,6,-1.7714000000000063,5.9652999999999885,2
329,1,2.1423,0.1814,1
329,3,0.8917999999999942,3.90199999999999,2
329,6,-1.7542000000000062,5.9728999999999886,2
330,1,2.1283,0.1811,1
330,3,0.8929999999999945,3.90349999999999,2
330,6,-1.7259000000000064,5.972799999999989,2
331,1,2.113,0.1801,1
331,3,0.8940999999999946,3.90489999999999,2
331,6,-1.6947000000000063,5.9751999999999885,2
332,1,2.0948,0.1778,1
332,3,0.8949999999999942,3.90599999999999,2
332,6,-1.6664000000000063,5.977499999999989,2
333,1,2.074,0.1751,1
333,3,0.8958999999999944,3.90669999999999,2
333,6,-1.6396000000000064,5.979599999999989,2
334,1,2.052,0.172,1
334,3,0.8968999999999943,3.90719999999999,2
334,6,-1.6118000000000063,5.977199999999989,2
335,1,2.0281,0.1681,1
335,3,0.8977999999999944,3.90729999999999,2
335,6,-1.5817000000000063,5.9728999999999886,2
336,1,2.0039,0.1635,1
336,3,0.8986999999999945,3.90739999999999,2
336,6,-1.5485000000000064,5.96709999999999,2
337,1,1.9794,0.1578,1
337,3,0.8994999999999944,3.90779999999999,2
337,6,-1.5129000000000064,5.95789999999999,2
338,1,1.9545,0.1519,1
338,3,0.9003999999999945,3.90829999999999,2
338,6,-1.4744000000000064,5.942899999999989,2
339,1,1.93,0.1464,1
339,3,0.9013999999999944,3.90879999999999,2
339,6,-1.4388000000000063,5.9282999999999895,2
340,1,1.9084,0.1423,1
340,3,0.9023999999999943,3.90939999999999,2
340,6,-1.4074000000000062,5.91529999999999,2
341,1,1.891,0.139,1
341,3,0.9031999999999942,3.91049999999999,2
341,6,-1.3749000000000065,5.898699999999989,2
342,1,1.8772,0.1364,1
342,3,0.9039999999999946,3.91189999999999,2
342,6,-1.3390000000000062,5.875199999999989,2
342,4,1.2947999999999942,3.14589999999999,2
343,1,1.8664,0.1346,1
343,3,0.9046999999999943,3.91289999999999,2
343,6,-1.3048000000000064,5.851699999999989,2
343,4,1.3424999999999945,3.20999999999999,2
344,1,1.8584,0.1336,1
344,3,0.9050999999999942,3.91379999999999,2
344,6,-1.2718000000000063,5.827999999999989,2
345,1,1.8523,0.1333,1
345,3,0.9055999999999944,3.91489999999999,2
345,6,-1.2421000000000064,5.807399999999989,2
346,1,1.8475,0.1332,1
346,3,0.9058999999999942,3.91589999999999,2
346,6,-1.2234000000000063,5.799599999999989,2
347,1,1.8437,0.1335,1
347,3,0.9062999999999946,3.91679999999999,2
347,6,-1.2027000000000063,5.78799999999999,2
348,1,1.8406,0.1339,1
348,3,0.9068999999999945,3.91759999999999,2
348,6,-1.1970000000000063,5.793099999999989,2
349,1,1.8382,0.1345,1
349,3,0.9077999999999942,3.9178999999999897,2
349,6,-1.1986000000000063,5.805699999999989,2
349,7,0.8605999999999945,2.56159999999999,2
350,1,1.8362,0.135,1
350,3,0.9084999999999943,3.9178999999999897,2
350,6,-1.2065000000000063,5.824799999999989,2
351,1,1.8348,0.1355,1
351,3,0.9093999999999944,3.9178999999999897,2
351,6,-1.2099000000000064,5.838499999999989,2
351,4,1.3809999999999945,3.26159999999999,2
352,1,1.8332,0.1358,1
352,3,0.9101999999999943,3.9178999999999897,2
352,6,-1.1957000000000062,5.83059999999999,2
352,4,1.4116999999999944,3.30279999999999,2
353,1,1.8313,0.1361,1
353,3,0.9101999999999943,3.91839999999999,2
353,6,-1.1755000000000062,5.81419999999999,2
353,7,0.8606999999999942,2.56219999999999,2
354,1,1.8294,0.1364,1
354,3,0.9101999999999943,3.91859999999999,2
354,6,-1.148900000000006,5.789799999999989,2
354,7,0.8606999999999942,2.56229999999999,2
355,1,1.8272,0.1365,1
355,3,0.9101999999999943,3.91859999999999,2
355,6,-1.120300000000006,5.76189999999999,2
355,4,1.4358999999999944,3.33539999999999,2
356,1,1.8244,0.1364,1
356,3,0.9101999999999943,3.91809999999999,2
356,6,-1.0895000000000064,5.72979999999999,2
356,4,1.4551999999999943,3.36119999999999,2
357,1,1.8211,0.136,1
357,3,0.9110999999999945,3.91659999999999,2
357,6,-1.0601000000000063,5.69989999999999,2
357,4,1.4707999999999943,3.38169999999999,2
358,1,1.8165,0.1354,1
358,3,0.9125999999999945,3.91509999999999,2
358,6,-1.0382000000000062,5.68119999999999,2
358,4,1.4833999999999943,3.39839999999999,2
359,1,1.8106,0.1345,1
359,3,0.9145999999999943,3.91389999999999,2
359,6,-1.0131000000000063,5.6618999999999895,2
360,1,1.8017,0.1329,1
360,3,0.9169999999999945,3.91269999999999,2
360,6,-0.9895000000000063,5.647099999999989,2
360,4,1.4941999999999944,3.41269999999999,2
361,1,1.7918,0.1311,1
361,3,0.9199999999999942,3.91309999999999,2
361,6,-0.9725000000000064,5.640599999999989,2
361,4,1.5029999999999943,3.42439999999999,2
362,1,1.7806,0.1289,1
362,3,0.9228999999999945,3.91459999999999,2
362,6,-0.9598000000000062,5.6393999999999895,2
362,4,1.5099999999999945,3.43389999999999,2
363,1,1.7682,0.1264,1
363,3,0.9249999999999945,3.9163999999999897,2
363,6,-0.9474000000000062,5.638299999999989,2
363,4,1.5153999999999943,3.4414999999999902,2
364,1,1.7539,0.1235,1
364,3,0.9266999999999945,3.91779999999999,2
364,6,-0.9393000000000062,5.640999999999989,2
364,4,1.5195999999999943,3.4473999999999902,2
365,1,1.739,0.1215,1
365,3,0.9279999999999942,3.91879999999999,2
365,6,-0.9242000000000063,5.63229999999999,2
365,4,1.5229999999999944,3.45209999999999,2
366,1,1.7223,0.1198,1
366,3,0.9290999999999943,3.91919999999999,2
366,6,-0.9037000000000064,5.61489999999999,2
366,4,1.5254999999999943,3.45589999999999,2
367,1,1.7001,0.1177,1
367,3,0.9297999999999944,3.91959999999999,2
367,6,-0.8816000000000064,5.593799999999989,2
367,4,1.5277999999999943,3.45899999999999,2
368,1,1.6757,0.1158,1
368,3,0.9304999999999946,3.9201999999999897,2
368,6,-0.8554000000000064,5.567199999999989,2
368,4,1.5295999999999945,3.46179999999999,2
369,1,1.6513,0.114,1
369,3,0.9310999999999945,3.92079999999999,2
369,6,-0.828500000000006,5.53869999999999,2
369,4,1.5310999999999946,3.46379999999999,2
370,1,1.6273,0.1121,1
370,3,0.9314999999999944,3.92149999999999,2
370,6,-0.800300000000006,5.50709999999999,2
370,4,1.5324999999999944,3.4656999999999902,2
371,1,1.6036,0.1099,1
371,3,0.9313999999999942,3.92199999999999,2
371,6,-0.7688000000000061,5.469599999999989,2
371,4,1.5337999999999945,3.46739999999999,2
372,1,1.5808,0.1084,1
372,3,0.9315999999999942,3.9216999999999897,2
372,6,-0.7348000000000061,5.427699999999989,2
373,1,1.5606,0.1072,1
373,3,0.9316999999999944,3.92089999999999,2
373,6,-0.6961000000000062,5.37769999999999,2
374,1,1.5441,0.1067,1
374,3,0.9322999999999944,3.91949999999999,2
374,6,-0.6598000000000062,5.32979999999999,2
375,1,1.5301,0.1065,1
375,3,0.9332999999999942,3.91869999999999,2
375,6,-0.628800000000006,5.286199999999989,2
376,1,1.5187,0.1073,1
376,3,0.9344999999999946,3.91859999999999,2
376,6,-0.6018000000000061,5.24489999999999,2
377,1,1.5095,0.1083,1
377,3,0.9356999999999944,3.91909999999999,2
377,6,-0.5874000000000061,5.21659999999999,2
378,1,1.5021,0.1093,1
378,3,0.9364999999999943,3.9197999999999897,2
378,6,-0.5855000000000061,5.199299999999989,2
379,1,1.4966,0.1105,1
379,3,0.9376999999999942,3.91969999999999,2
379,6,-0.5917000000000061,5.17969999999999,2
380,1,1.4924,0.1115,1
380,3,0.9388999999999945,3.91899999999999,2
380,6,-0.5975000000000061,5.15669999999999,2
381,1,1.4889,0.1121,1
381,3,0.9403999999999946,3.91709999999999,2
381,6,-0.584400000000006,5.11099999999999,2
381,4,1.5355999999999943,3.46959999999999,2
382,1,1.4859,0.1121,1
382,3,0.9416999999999942,3.91509999999999,2
382,6,-0.5697000000000061,5.06569999999999,2
383,1,1.4832,0.1119,1
383,3,0.9429999999999943,3.91349999999999,2
383,6,-0.5577000000000061,5.025999999999989,2
383,4,1.5369999999999941,3.4713999999999903,2
384,1,1.4808,0.1115,1
384,3,0.9439999999999942,3.91229999999999,2
384,6,-0.548000000000006,4.99139999999999,2
384,4,1.5377999999999945,3.47259999999999,2
385,1,1.4786,0.1108,1
385,3,0.9444999999999943,3.91199999999999,2
385,6,-0.542600000000006,4.96369999999999,2
386,1,1.4766,0.1099,1
386,3,0.9450999999999943,3.91189999999999,2
386,6,-0.5395000000000061,4.93689999999999,2
387,1,1.4748,0.1089,1
387,3,0.9458999999999942,3.91279999999999,2
387,6,-0.538100000000006,4.9114999999999895,2
388,1,1.4728,0.1079,1
388,3,0.9466999999999945,3.91449999999999,2
388,6,-0.5348000000000062,4.883399999999989,2
389,1,1.4701,0.1068,1
389,3,0.9479999999999942,3.91619999999999,2
389,6,-0.533800000000006,4.85889999999999,2
390,1,1.467,0.1057,1
390,3,0.9496999999999942,3.91769999999999,2
390,6,-0.5352000000000061,4.838499999999989,2
391,1,1.4635,0.1048,1
391,3,0.9519999999999942,3.91899999999999,2
391,6,-0.540200000000006,4.82329999999999,2
392,1,1.4593,0.104,1
392,3,0.9545999999999943,3.92069999999999,2
392,6,-0.539900000000006,4.803399999999989,2
393,1,1.4542,0.103,1
393,3,0.9564999999999944,3.92269999999999,2
393,6,-0.5375000000000061,4.78219999999999,2
394,1,1.4477,0.1015,1
394,3,0.9582999999999942,3.92489999999999,2
394,6,-0.522400000000006,4.746199999999989,2
395,1,1.4396,0.1,1
395,3,0.9597999999999942,3.92729999999999,2
395,6,-0.5033000000000061,4.705399999999989,2
396,1,1.4321,0.0988,1
396,3,0.9609999999999945,3.92949999999999,2
396,6,-0.483700000000006,4.66369999999999,2
397,1,1.4228,0.0974,1
397,3,0.9618999999999942,3.93099999999999,2
397,6,-0.46910000000000585,4.6256999999999895,2
398,1,1.4114,0.0959,1
398,3,0.9635999999999942,3.93259999999999,2
398,6,-0.4583000000000059,4.5894999999999895,2
399,1,1.3977,0.094,1
399,3,0.9668999999999945,3.93269999999999,2
399,6,-0.45180000000000575,4.55759999999999,2
400,1,1.3808,0.0915,1
400,3,0.9727999999999946,3.9281999999999897,2
400,6,-0.4485000000000059,4.53069999999999,2
401,1,1.3618,0.0886,1
401,3,0.9784999999999942,3.92349999999999,2
401,6,-0.44590000000000596,4.50559999999999,2
402,1,1.3404,0.0852,1
402,3,0.9814999999999943,3.9239999999999897,2
402,6,-0.44190000000000595,4.479399999999989,2
402,4,1.5386999999999942,3.47379999999999,2
403,1,1.317,0.0812,1
403,3,0.9834999999999945,3.92719999999999,2
403,6,-0.43160000000000576,4.44729999999999,2
403,4,1.5390999999999946,3.47439999999999,2
404,1,1.2943,0.0772,1
404,3,0.9856999999999942,3.92999999999999,2
404,6,-0.4151000000000058,4.4076999999999895,2
404,4,1.5392999999999946,3.47469999999999,2
405,1,1.2734,0.0735,1
405,3,0.9875999999999943,3.9338999999999897,2
405,6,-0.3991000000000058,4.363599999999989,2
405,4,1.5388999999999942,3.47419999999999,2
406,1,1.252,0.0697,1
406,3,0.9914999999999945,3.93859999999999,2
406,6,-0.3829000000000058,4.31659999999999,2
406,4,1.5382999999999942,3.4732999999999903,2
407,1,1.2331,0.0666,1
407,3,0.9952999999999945,3.94449999999999,2
407,6,-0.3697000000000059,4.27349999999999,2
407,4,1.5377999999999945,3.47259999999999,2
408,1,1.2179,0.0644,1
408,3,0.9959999999999942,3.95309999999999,2
408,6,-0.35200000000000586,4.22659999999999,2
408,4,1.5376999999999943,3.47239999999999,2
409,1,1.2058,0.0628,1
409,3,0.9980999999999942,3.96279999999999,2
409,6,-0.33280000000000576,4.17969999999999,2
409,4,1.5376999999999943,3.47219999999999,2
410,1,1.1956,0.0616,1
410,6,-0.31460000000000576,4.13399999999999,2
410,4,1.5372999999999943,3.4715999999999902,2
411,1,1.1874,0.0611,1
411,6,-0.3004000000000058,4.09169999999999,2
412,1,1.181,0.0608,1
412,6,-0.2919000000000058,4.051499999999989,2
412,4,1.5370999999999944,3.47129999999999,2
413,1,1.1759,0.0608,1
413,6,-0.2894000000000059,4.014899999999989,2
413,4,1.5370999999999944,3.47129999999999,2
414,1,1.1718,0.0612,1
414,6,-0.29240000000000577,3.9783999999999895,2
414,4,1.5370999999999944,3.4713999999999903,2
414,3,1.0053999999999945,3.97879999999999,2
415,1,1.1689,0.0618,1
415,6,-0.30260000000000575,3.9381999999999895,2
415,4,1.5371999999999946,3.47149999999999,2
416,1,1.1669,0.0625,1
416,6,-0.31700000000000594,3.8999999999999897,2
416,4,1.5372999999999943,3.47149999999999,2
416,3,1.0091999999999945,4.02199999999999,2
417,1,1.1654,0.0634,1
417,6,-0.3353000000000059,3.8659999999999894,2
417,4,1.5371999999999946,3.47129999999999,2
417,3,1.0124999999999944,4.06969999999999,2
418,1,1.1643,0.0644,1
418,6,-0.3538000000000059,3.8333999999999895,2
418,4,1.5370999999999944,3.47109999999999,2
418,3,1.0173999999999945,4.11599999999999,2
419,1,1.1634,0.0654,1
419,6,-0.3688000000000058,3.8012999999999897,2
419,4,1.5369999999999941,3.47079999999999,2
419,3,1.0246999999999944,4.15789999999999,2
420,1,1.1628,0.0664,1
420,6,-0.37520000000000575,3.76619999999999,2
420,4,1.5367999999999942,3.47039999999999,2
420,3,1.0333999999999945,4.19919999999999,2
421,1,1.1619,0.067,1
421,6,-0.37210000000000565,3.7268999999999894,2
421,4,1.5364999999999944,3.46999999999999,2
421,3,1.042399999999994,4.23859999999999,2
422,1,1.1603,0.0672,1
422,6,-0.3626000000000056,3.6842999999999897,2
422,4,1.5362999999999944,3.46959999999999,2
422,3,1.0491999999999941,4.27359999999999,2
423,1,1.1574,0.0669,1
423,6,-0.3495000000000057,3.6406999999999896,2
423,4,1.5359999999999943,3.46909999999999,2
423,3,1.0567999999999937,4.30239999999999,2
424,1,1.1531,0.0663,1
424,6,-0.3394000000000057,3.5988999999999898,2
424,4,1.5356999999999945,3.46869999999999,2
424,3,1.064099999999994,4.32829999999999,2
425,1,1.1469,0.0649,1
425,6,-0.3329000000000055,3.5612999999999895,2
425,4,1.5354999999999945,3.46829999999999,2
425,3,1.0708999999999937,4.35409999999999,2
426,1,1.1385,0.0631,1
426,6,-0.3293000000000057,3.5286999999999895,2
426,4,1.5352999999999946,3.46809999999999,2
426,3,1.076699999999994,4.37829999999999,2
427,1,1.1288,0.0607,1
427,6,-0.32900000000000573,3.5000999999999896,2
427,3,1.0813999999999941,4.40269999999999,2
428,1,1.1183,0.0581,1
428,6,-0.3312000000000057,3.4747999999999895,2
428,3,1.086799999999994,4.42569999999999,2
429,1,1.1052,0.0548,1
429,6,-0.3361000000000056,3.4522999999999895,2
429,3,1.092899999999994,4.44859999999999,2
429,4,1.5352999999999946,3.46809999999999,2
430,1,1.0905,0.0515,1
430,6,-0.34290000000000553,3.4325999999999897,2
430,3,1.098399999999994,4.46949999999999,2
430,4,1.5352999999999946,3.46829999999999,2
431,1,1.0762,0.0482,1
431,6,-0.3493000000000057,3.4116999999999895,2
431,3,1.1032999999999937,4.49089999999999,2
431,4,1.5351999999999943,3.46819999999999,2
432,1,1.0615,0.045,1
432,6,-0.35680000000000556,3.3892999999999898,2
432,3,1.108499999999994,4.51509999999999,2
432,4,1.5357999999999943,3.46889999999999,2
433,1,1.0491,0.0424,1
433,6,-0.3665000000000056,3.3680999999999894,2
433,3,1.112099999999994,4.55069999999999,2
433,4,1.5359999999999943,3.46919999999999,2
434,1,1.0365,0.04,1
434,6,-0.3787000000000056,3.3480999999999894,2
434,3,1.1201999999999939,4.58049999999999,2
434,4,1.5359999999999943,3.46919999999999,2
435,1,1.0206,0.037,1
435,6,-0.39330000000000553,3.3301999999999894,2
435,3,1.107799999999994,4.68809999999999,2
435,4,1.5360999999999945,3.4694999999999903,2
436,1,1.0049,0.0343,1
436,6,-0.40020000000000566,3.3080999999999894,2
436,3,1.1133999999999937,4.73859999999999,2
436,4,1.5358999999999945,3.46919999999999,2
437,1,0.9888,0.032,1
437,6,-0.3988000000000056,3.2800999999999894,2
437,3,1.1217999999999941,4.77939999999999,2
437,4,1.5357999999999943,3.46889999999999,2
438,1,0.973,0.0299,1
438,6,-0.3856000000000057,3.2479999999999896,2
438,3,1.131799999999994,4.82099999999999,2
438,4,1.5359999999999943,3.46889999999999,2
439,1,0.9598,0.0286,1
439,6,-0.3657000000000057,3.2142999999999895,2
439,3,1.138599999999994,4.86449999999999,2
439,4,1.5355999999999943,3.46839999999999,2
440,1,0.9477,0.0277,1
440,6,-0.34180000000000565,3.1799999999999895,2
440,3,1.143399999999994,4.90669999999999,2
440,4,1.5351999999999943,3.46769999999999,2
441,1,0.9371,0.0272,1
441,6,-0.31480000000000574,3.1454999999999895,2
441,3,1.147799999999994,4.94359999999999,2
441,4,1.5350999999999946,3.46739999999999,2
442,1,0.9282,0.0268,1
442,6,-0.2891000000000057,3.1134999999999895,2
442,3,1.152899999999994,4.97519999999999,2
442,4,1.5352999999999946,3.46749999999999,2
443,1,0.9209,0.0263,1
443,6,-0.26230000000000553,3.0858999999999894,2
443,3,1.157699999999994,5.00199999999999,2
443,4,1.5354999999999945,3.4677999999999902,2
444,1,0.9153,0.0259,1
444,6,-0.24010000000000553,3.0617999999999896,2
444,3,1.161499999999994,5.02549999999999,2
444,4,1.5357999999999943,3.46819999999999,2
445,1,0.9109,0.0256,1
445,6,-0.22260000000000568,3.0405999999999898,2
445,3,1.164499999999994,5.04629999999999,2
445,4,1.5359999999999943,3.46849999999999,2
446,1,0.9074,0.0257,1
446,6,-0.21170000000000555,3.0242999999999896,2
446,3,1.1666999999999939,5.06519999999999,2
446,4,1.5358999999999945,3.46829999999999,2
447,1,0.9043,0.0261,1
447,6,-0.20300000000000562,3.01009999999999,2
447,3,1.1678999999999937,5.08289999999999,2
448,1,0.9016,0.0274,1
448,6,-0.19800000000000573,2.9977999999999896,2
448,3,1.167999999999994,5.10199999999999,2
448,8,-25.900400000000023,63.788499999999985,2
448,4,1.5359999999999943,3.46859999999999,2
449,1,0.899,0.0301,1
449,6,-0.19540000000000557,2.98529999999999,2
450,1,0.8966,0.0344,1
450,6,-0.19540000000000557,2.9719999999999898,2
451,1,0.8952,0.0399,1
451,6,-0.2003000000000057,2.9558999999999895,2
452,1,0.8941,0.0455,1
452,6,-0.20810000000000572,2.9392999999999896,2
453,1,0.8931,0.0505,1
453,6,-0.21510000000000562,2.9241999999999897,2
453,3,1.164899999999994,5.17449999999999,2
454,1,0.8922,0.0553,1
454,6,-0.21950000000000558,2.9115999999999898,2
454,3,1.1636999999999937,5.24379999999999,2
455,1,0.8908,0.058,1
455,6,-0.22470000000000567,2.9017999999999895,2
455,3,1.1653999999999938,5.30599999999999,2
455,4,1.5360999999999945,3.46869999999999,2
456,1,0.8883,0.0597,1
456,6,-0.22870000000000568,2.89499999999999,2
456,3,1.171199999999994,5.3622999999999905,2
457,1,0.8839,0.0622,1
457,6,-0.2306000000000057,2.8900999999999897,2
457,3,1.179599999999994,5.41299999999999,2
458,1,0.8793,0.0648,1
458,6,-0.23300000000000565,2.8870999999999896,2
458,3,1.1889999999999938,5.4579999999999895,2
459,1,0.8759,0.0681,1
459,6,-0.2355000000000056,2.88299999999999,2
459,3,1.1969999999999938,5.49579999999999,2
460,1,0.8698,0.0715,1
460,6,-0.2386000000000057,2.8786999999999896,2
460,3,1.203399999999994,5.52719999999999,2
460,4,1.5362999999999944,3.46929999999999,2
461,1,0.8622,0.0748,1
461,6,-0.24100000000000565,2.8757999999999897,2
461,3,1.208399999999994,5.55309999999999,2
461,4,1.5364999999999944,3.4696999999999902,2
462,1,0.8526,0.0776,1
462,6,-0.24700000000000566,2.8736999999999897,2
462,3,1.2124999999999941,5.5753999999999895,2
462,4,1.5366999999999944,3.47009999999999,2
463,1,0.8399,0.0786,1
463,6,-0.24730000000000563,2.8708999999999896,2
463,3,1.215999999999994,5.59389999999999,2
464,1,0.8261,0.0772,1
464,6,-0.2454000000000056,2.8679999999999897,2
464,3,1.2185999999999941,5.60989999999999,2
465,1,0.8107,0.0761,1
465,6,-0.24280000000000568,2.8647999999999896,2
465,3,1.2206999999999941,5.623699999999991,2
466,1,0.7956,0.0749,1
466,6,-0.24100000000000565,2.8616999999999897,2
466,3,1.222099999999994,5.63749999999999,2
466,8,-25.964300000000023,63.866399999999985,2
467,1,0.7794,0.0725,1
467,6,-0.24110000000000564,2.8597999999999897,2
467,3,1.223399999999994,5.651899999999991,2
467,8,-26.11330000000002,64.09979999999997,2
468,1,0.7642,0.073,1
468,6,-0.2475000000000056,2.8612999999999897,2
468,3,1.224599999999994,5.66669999999999,2
468,8,-26.22150000000002,64.24479999999998,2
469,1,0.7502,0.0733,1
469,6,-0.25000000000000555,2.8613999999999895,2
469,3,1.226499999999994,5.68459999999999,2
469,8,-26.43210000000002,64.63549999999998,2
470,1,0.7378,0.0745,1
470,6,-0.25640000000000573,2.8636999999999895,2
470,3,1.227799999999994,5.70939999999999,2
470,8,-26.71840000000002,65.22669999999998,2
470,4,1.5369999999999941,3.47049999999999,2
471,1,0.727,0.0763,1
471,6,-0.2649000000000057,2.8683999999999896,2
471,3,1.229099999999994,5.7468999999999895,2
471,8,-27.04450000000002,65.92109999999998,2
471,4,1.5367999999999942,3.47019999999999,2
472,1,0.7171,0.0728,1
472,6,-0.27610000000000556,2.8754999999999895,2
472,3,1.2289999999999939,5.79349999999999,2
472,4,1.5364999999999944,3.4696999999999902,2
473,1,0.7096,0.0754,1
473,6,-0.2881000000000056,2.8823999999999894,2
473,3,1.226099999999994,5.84739999999999,2
473,4,1.5364999999999944,3.4696999999999902,2
473,8,-26.94820000000002,65.73029999999999,2
474,1,0.7031,0.081,1
474,6,-0.2800000000000056,2.8799999999999897,2
474,3,1.2198999999999938,5.90609999999999,2
474,4,1.5367999999999942,3.46999999999999,2
474,8,-26.87370000000002,65.56239999999998,2
475,1,0.698,0.087,1
475,6,-0.26330000000000564,2.8725999999999896,2
475,3,1.213699999999994,5.95719999999999,2
475,4,1.5371999999999946,3.47049999999999,2
476,1,0.6945,0.0927,1
476,6,-0.24940000000000562,2.8656999999999897,2
476,3,1.208199999999994,5.99989999999999,2
476,4,1.5376999999999943,3.47109999999999,2
477,1,0.6917,0.0977,1
477,6,-0.22880000000000567,2.8575999999999895,2
477,3,1.2041999999999935,6.03249999999999,2
477,4,1.5380999999999942,3.47169999999999,2
477,8,-26.05030000000002,63.67319999999998,2
478,1,0.6895,0.1033,1
478,6,-0.20410000000000572,2.8501999999999894,2
478,3,1.2013999999999934,6.05839999999999,2
478,4,1.5385999999999944,3.47229999999999,2
479,1,0.6879,0.109,1
479,6,-0.1817000000000053,2.8440999999999894,2
479,3,1.1996999999999933,6.07939999999999,2
479,4,1.5390999999999946,3.47289999999999,2
480,1,0.6864,0.1142,1
480,6,-0.16100000000000536,2.8389999999999898,2
480,3,1.1985999999999937,6.09709999999999,2
480,4,1.5394999999999945,3.47339999999999,2
481,1,0.6853,0.1185,1
481,6,-0.14210000000000544,2.8357999999999897,2
481,3,1.1977999999999933,6.1134999999999895,2
481,4,1.5396999999999945,3.4736999999999902,2
482,1,0.6844,0.1221,1
482,6,-0.12690000000000534,2.8323999999999896,2
482,3,1.1973999999999934,6.12759999999999,2
482,4,1.5397999999999943,3.47389999999999,2
483,1,0.6835,0.1254,1
483,6,-0.11400000000000543,2.8295999999999895,2
483,3,1.1970999999999936,6.13949999999999,2
483,4,1.5399999999999943,3.47409999999999,2
483,8,-25.63120000000002,62.681899999999985,2
484,1,0.6829,0.1287,1
484,6,-0.10350000000000548,2.8273999999999897,2
484,3,1.1967999999999934,6.151099999999991,2
484,4,1.5402999999999945,3.47459999999999,2
485,1,0.6824,0.1333,1
485,6,-0.09450000000000536,2.82559999999999,2
485,3,1.1959999999999935,6.164099999999991,2
485,4,1.5406999999999944,3.47519999999999,2
486,1,0.6818,0.1381,1
486,6,-0.08660000000000556,2.8231999999999897,2
486,3,1.1960999999999933,6.175499999999991,2
486,4,1.5410999999999944,3.47569999999999,2
487,1,0.6816,0.1428,1
487,6,-0.08020000000000582,2.82049999999999,2
487,3,1.1962999999999937,6.18629999999999,2
487,4,1.5415999999999945,3.47629999999999,2
488,1,0.6827,0.1475,1
488,6,-0.07450000000000578,2.8174999999999897,2
488,3,1.1959999999999935,6.20049999999999,2
488,4,1.5419999999999945,3.47679999999999,2
489,1,0.6849,0.1519,1
489,6,-0.06970000000000542,2.8146999999999895,2
489,4,1.5423999999999944,3.47739999999999,2
489,8,-23.938800000000022,59.000599999999984,2
490,1,0.6883,0.156,1
490,6,-0.06640000000000557,2.81249999999999,2
490,4,1.5427999999999944,3.47789999999999,2
490,3,1.1860999999999935,6.25439999999999,2
491,1,0.6933,0.1595,1
491,6,-0.06350000000000566,2.8108999999999895,2
491,4,1.5430999999999946,3.47849999999999,2
491,3,1.1725999999999934,6.32179999999999,2
492,1,0.7004,0.1625,1
492,6,-0.06110000000000548,2.80999999999999,2
492,4,1.5431999999999944,3.47859999999999,2
492,3,1.1582999999999934,6.3840999999999894,2
492,8,-22.40560000000002,55.663099999999986,2
493,1,0.7081,0.1645,1
493,6,-0.05860000000000554,2.8090999999999897,2
493,4,1.5433999999999943,3.47889999999999,2
493,3,1.1433999999999935,6.4343999999999895,2
493,8,-21.18380000000002,53.00259999999998,2
494,1,0.7169,0.1654,1
494,6,-0.057500000000005436,2.8085999999999895,2
494,4,1.5436999999999945,3.47919999999999,2
495,1,0.7262,0.1656,1
495,6,-0.056700000000005524,2.8083999999999896,2
495,4,1.5437999999999943,3.4793999999999903,2
496,1,0.736,0.1651,1
496,6,-0.05640000000000578,2.8081999999999896,2
496,4,1.5436999999999945,3.47919999999999,2
496,3,1.1187999999999936,6.4651999999999905,2
496,8,-20.166300000000017,50.763899999999985,2
497,1,0.7443,0.1632,1
497,6,-0.056500000000005546,2.80789999999999,2
497,4,1.5436999999999945,3.47919999999999,2
497,8,-19.31950000000002,48.86399999999998,2
498,1,0.7529,0.1608,1
498,6,-0.05720000000000569,2.8079999999999896,2
498,4,1.5436999999999945,3.47929999999999,2
498,3,1.0914999999999937,6.4857999999999905,2
499,1,0.7625,0.1583,1
499,6,-0.058100000000005814,2.80849999999999,2
499,4,1.5436999999999945,3.47929999999999,2
499,3,1.0674999999999937,6.49679999999999,2
500,1,0.7743,0.1558,1
500,6,-0.058900000000005726,2.8088999999999897,2
500,4,1.5437999999999943,3.47949999999999,2
500,3,1.0465999999999935,6.50109999999999,2
500,8,-18.486500000000017,47.02659999999998,2
501,1,0.7858,0.1532,1
501,6,-0.05970000000000564,2.8093999999999895,2
501,4,1.5437999999999943,3.4795999999999903,2
501,3,1.0276999999999936,6.50159999999999,2
501,8,-17.706200000000017,45.33639999999998,2
502,1,0.7979,0.1507,1
502,6,-0.06010000000000559,2.8098999999999896,2
502,4,1.5437999999999943,3.4795999999999903,2
502,3,1.0115999999999934,6.50129999999999,2
503,1,0.8096,0.1482,1
503,6,-0.060000000000005826,2.81039999999999,2
503,3,0.9975999999999936,6.50459999999999,2
504,1,0.8207,0.1459,1
504,6,-0.06060000000000576,2.8110999999999895,2
504,3,0.9852999999999934,6.51159999999999,2
504,4,1.5434999999999945,3.47949999999999,2
505,1,0.8313,0.144,1
505,6,-0.06110000000000548,2.8115999999999897,2
505,3,0.9729999999999936,6.52649999999999,2
505,4,1.5430999999999946,3.47899999999999,2
506,1,0.8407,0.1424,1
506,6,-0.06130000000000546,2.8123999999999896,2
506,3,0.9536999999999933,6.57069999999999,2
506,4,1.5426999999999942,3.47869999999999,2
507,1,0.8487,0.1411,1
507,6,-0.06140000000000567,2.8132999999999897,2
507,3,0.9322999999999935,6.62179999999999,2
507,4,1.5423999999999944,3.47829999999999,2
507,8,-16.939200000000017,43.65229999999998,2
508,1,0.855,0.14,1
508,6,-0.06140000000000567,2.81419999999999,2
508,3,0.9111999999999933,6.6683999999999894,2
508,4,1.5421999999999945,3.47799999999999,2
508,8,-16.260000000000016,42.16419999999999,2
509,1,0.8601,0.1392,1
509,6,-0.06160000000000565,2.8149999999999897,2
509,3,0.8913999999999933,6.70629999999999,2
509,4,1.5417999999999945,3.4774999999999903,2
509,8,-15.578300000000015,40.66769999999999,2
510,1,0.8642,0.1385,1
510,6,-0.06180000000000563,2.8155999999999897,2
510,3,0.8718999999999935,6.73639999999999,2
510,4,1.5416999999999943,3.47729999999999,2
511,1,0.8676,0.1379,1
511,6,-0.06250000000000577,2.8165999999999896,2
511,3,0.8529999999999935,6.75739999999999,2
511,4,1.5416999999999943,3.47719999999999,2
512,1,0.8707,0.1374,1
512,6,-0.06340000000000545,2.8172999999999897,2
512,3,0.8315999999999937,6.76489999999999,2
512,4,1.5416999999999943,3.47709999999999,2
513,1,0.8735,0.1369,1
513,6,-0.06420000000000581,2.8176999999999897,2
513,3,0.8085999999999935,6.76589999999999,2
513,8,-15.024900000000015,39.50799999999999,2
514,1,0.8758,0.1363,1
514,6,-0.06490000000000551,2.8180999999999896,2
514,3,0.7814999999999936,6.75809999999999,2
514,8,-14.510400000000015,38.43799999999999,2
514,4,1.5415999999999945,3.47689999999999,2
515,1,0.8777,0.1355,1
515,6,-0.06480000000000574,2.8184999999999896,2
515,3,0.7551999999999937,6.74159999999999,2
515,8,-14.038300000000014,37.45919999999999,2
516,1,0.8789,0.1343,1
516,6,-0.06510000000000549,2.8192999999999895,2
516,3,0.7299999999999933,6.723499999999991,2
516,8,-13.623700000000014,36.60939999999999,2
516,4,1.5413999999999946,3.47659999999999,2
517,1,0.8802,0.1334,1
517,6,-0.06550000000000544,2.8199999999999896,2
517,3,0.7038999999999933,6.70719999999999,2
517,8,-13.292900000000014,35.93659999999999,2
518,1,0.8813,0.1325,1
518,6,-0.06560000000000565,2.8203999999999896,2
518,3,0.6750999999999934,6.68879999999999,2
518,8,-13.033500000000013,35.41719999999999,2
518,4,1.5410999999999944,3.47619999999999,2
519,1,0.882,0.132,1
519,6,-0.06580000000000563,2.8209999999999895,2
519,3,0.6476999999999933,6.6732999999999905,2
519,8,-12.814700000000013,34.98269999999999,2
519,4,1.5410999999999944,3.47609999999999,2
520,1,0.8823,0.1318,1
520,6,-0.06680000000000552,2.8216999999999897,2
520,3,0.6218999999999935,6.66059999999999,2
520,8,-12.670000000000012,34.70839999999998,2
521,1,0.882,0.1319,1
521,6,-0.06820000000000581,2.8228999999999895,2
521,3,0.5973999999999933,6.65229999999999,2
521,8,-12.564000000000012,34.518799999999985,2
521,4,1.5407999999999942,3.47569999999999,2
522,1,0.8815,0.1322,1
522,6,-0.06980000000000564,2.82409999999999,2
522,3,0.5684999999999936,6.6675999999999895,2
522,8,-12.494600000000013,34.401299999999985,2
522,4,1.5404999999999944,3.47519999999999,2
523,1,0.8812,0.1327,1
523,6,-0.07200000000000584,2.8256999999999897,2
523,3,0.5382999999999933,6.69349999999999,2
523,4,1.5399999999999943,3.47439999999999,2
524,1,0.8807,0.1337,1
524,6,-0.07280000000000575,2.8271999999999897,2
524,3,0.5101999999999935,6.71459999999999,2
524,8,-12.486500000000012,34.41129999999998,2
525,1,0.88,0.1358,1
525,6,-0.07350000000000545,2.8281999999999896,2
525,3,0.48099999999999365,6.7384999999999895,2
525,8,-12.451400000000012,34.353399999999986,2
525,4,1.5397999999999943,3.47399999999999,2
526,1,0.8792,0.1387,1
526,6,-0.0732000000000057,2.8289999999999895,2
526,3,0.45249999999999346,6.761499999999989,2
526,4,1.5396999999999945,3.47379999999999,2
527,1,0.8787,0.1421,1
527,6,-0.07340000000000568,2.8295999999999895,2
527,3,0.42319999999999336,6.782099999999989,2
527,4,1.5396999999999945,3.47359999999999,2
528,1,0.8791,0.1456,1
528,6,-0.07370000000000543,2.8300999999999896,2
528,3,0.3919999999999937,6.791299999999989,2
528,4,1.5397999999999943,3.4736999999999902,2
529,1,0.8799,0.1487,1
529,6,-0.07330000000000547,2.8304999999999896,2
529,3,0.3584999999999936,6.787499999999989,2
529,4,1.5399999999999943,3.47389999999999,2
530,1,0.8805,0.1519,1
530,6,-0.0731000000000055,2.8308999999999895,2
530,3,0.3260999999999936,6.77579999999999,2
530,4,1.5398999999999945,3.47379999999999,2
531,1,0.8813,0.155,1
531,6,-0.07220000000000582,2.8309999999999897,2
531,3,0.29529999999999346,6.75789999999999,2
531,4,1.5399999999999943,3.47399999999999,2
532,1,0.8832,0.1577,1
532,6,-0.07050000000000578,2.8306999999999896,2
532,3,0.2648999999999937,6.734099999999989,2
532,4,1.5398999999999945,3.47379999999999,2
533,1,0.8881,0.1601,1
533,6,-0.06970000000000542,2.8311999999999897,2
533,3,0.23719999999999342,6.7060999999999895,2
533,4,1.5396999999999945,3.47359999999999,2
534,1,0.8985,0.1628,1
534,6,-0.0692000000000057,2.8313999999999897,2
534,3,0.2084999999999937,6.67739999999999,2
534,4,1.5392999999999946,3.47319999999999,2
535,1,0.9129,0.1655,1
535,6,-0.0692000000000057,2.8315999999999897,2
535,3,0.18119999999999337,6.65149999999999,2
536,1,0.9295,0.168,1
536,6,-0.0692000000000057,2.8315999999999897,2
536,3,0.15639999999999343,6.62689999999999,2
536,4,1.5386999999999942,3.47239999999999,2
537,1,0.9482,0.1702,1
537,6,-0.06890000000000551,2.83169999999999,2
537,3,0.1347999999999936,6.602999999999989,2
537,4,1.5378999999999943,3.47149999999999,2
538,1,0.9703,0.1715,1
538,6,-0.06860000000000577,2.8317999999999897,2
538,3,0.11509999999999332,6.58029999999999,2
538,4,1.5373999999999945,3.47099999999999,2
539,1,0.9924,0.1721,1
539,6,-0.06910000000000549,2.83229999999999,2
539,3,0.09339999999999327,6.567099999999989,2
539,4,1.5369999999999941,3.47049999999999,2
540,1,1.0138,0.1725,1
540,6,-0.0692000000000057,2.8323999999999896,2
540,3,0.06549999999999345,6.570999999999989,2
540,4,1.5366999999999944,3.47019999999999,2
541,1,1.0372,0.1732,1
541,6,-0.06930000000000547,2.8325999999999896,2
541,3,0.03609999999999358,6.58209999999999,2
541,4,1.5360999999999945,3.4694999999999903,2
542,1,1.0575,0.1733,1
542,6,-0.06900000000000572,2.83269999999999,2
542,3,0.005799999999993588,6.599199999999989,2
543,1,1.0768,0.1731,1
543,6,-0.06870000000000553,2.83249999999999,2
543,3,-0.023500000000006516,6.612099999999989,2
543,4,1.5356999999999945,3.46909999999999,2
544,1,1.0941,0.1729,1
544,6,-0.06770000000000564,2.8321999999999896,2
544,3,-0.04920000000000657,6.61689999999999,2
544,4,1.5356999999999945,3.46909999999999,2
545,1,1.1103,0.1728,1
545,6,-0.06660000000000554,2.83249999999999,2
545,3,-0.07240000000000668,6.61569999999999,2
545,4,1.5352999999999946,3.46869999999999,2
546,1,1.1241,0.173,1
546,6,-0.06530000000000546,2.8329999999999895,2
546,3,-0.09460000000000646,6.6130999999999895,2
547,1,1.136,0.1736,1
547,6,-0.06440000000000579,2.83359999999999,2
547,3,-0.11580000000000656,6.60489999999999,2
548,1,1.1463,0.1744,1
548,6,-0.06360000000000543,2.8338999999999896,2
548,3,-0.13830000000000653,6.59509999999999,2
549,1,1.1552,0.1757,1
549,6,-0.11470000000000558,2.85249999999999,2
549,3,-0.16020000000000656,6.58099999999999,2
550,1,1.1633,0.1773,1
550,6,-0.1791000000000056,2.8757999999999897,2
550,3,-0.18120000000000647,6.563599999999989,2
551,1,1.1702,0.1788,1
551,3,-0.20230000000000659,6.5425999999999895,2
551,6,-0.1560000000000057,2.8670999999999895,2
552,1,1.1758,0.1801,1
552,3,-0.22260000000000657,6.5208999999999895,2
552,6,-0.13830000000000564,2.86069999999999,2
553,1,1.1803,0.1814,1
553,3,-0.24100000000000654,6.4983999999999895,2
553,6,-0.12490000000000556,2.8557999999999897,2
553,6,-0.20080000000000564,2.8836999999999895,2
554,1,1.1831,0.1821,1
554,3,-0.25780000000000647,6.477099999999989,2
554,6,-0.17540000000000555,2.8744999999999896,2
554,6,-0.24500000000000566,2.9007999999999896,2
555,1,1.1855,0.1828,1
555,3,-0.2733000000000063,6.45559999999999,2
555,6,-0.2990000000000057,2.92129999999999,2
556,1,1.1876,0.1834,1
556,3,-0.2888000000000064,6.43729999999999,2
556,6,-0.3442000000000056,2.9388999999999896,2
556,6,-0.29030000000000555,2.9183999999999894,2
557,1,1.1893,0.1839,1
557,3,-0.3076000000000063,6.426999999999989,2
557,6,-0.33980000000000565,2.9379999999999895,2
558,1,1.1907,0.1844,1
558,3,-0.32730000000000636,6.42419999999999,2
558,6,-0.3775000000000057,2.9530999999999894,2
558,4,1.5353999999999943,3.46889999999999,2
558,6,-0.3170000000000057,2.9281999999999897,2
559,1,1.1921,0.1849,1
559,3,-0.3568000000000062,6.432199999999989,2
559,6,-0.36480000000000556,2.9485999999999897,2
559,6,-0.30550000000000566,2.92529999999999,2
560,1,1.1933,0.185,1
560,3,-0.38990000000000635,6.4457999999999895,2
560,6,-0.3593000000000057,2.9479999999999897,2
560,6,-0.29950000000000565,2.9244999999999894,2
561,1,1.1943,0.1851,1
561,3,-0.4215000000000062,6.458099999999989,2
561,6,-0.3591000000000055,2.9496999999999898,2
561,6,-0.2991000000000057,2.9259999999999895,2
562,1,1.195,0.1852,1
562,3,-0.45060000000000633,6.46819999999999,2
562,6,-0.35580000000000567,2.9499999999999895,2
562,6,-0.29350000000000565,2.9237999999999897,2
562,4,1.5359999999999943,3.4694999999999903,2
563,1,1.1953,0.1851,1
563,3,-0.48540000000000627,6.47139999999999,2
563,6,-0.3551000000000055,2.9506999999999897,2
563,6,-0.29470000000000574,2.9256999999999898,2
564,1,1.1956,0.185,1
564,3,-0.5198000000000063,6.469099999999989,2
564,6,-0.24700000000000566,2.9058999999999897,2
565,1,1.1962,0.185,1
565,3,-0.5504000000000062,6.46249999999999,2
565,6,-0.20870000000000566,2.8903999999999894,2
566,1,1.2,0.1853,1
566,3,-0.5779000000000063,6.44949999999999,2
566,6,-0.1781000000000057,2.8779999999999895,2
566,6,-0.26630000000000553,2.9153999999999898,2
567,1,1.2092,0.1863,1
567,3,-0.6014000000000064,6.43239999999999,2
567,6,-0.22400000000000553,2.8980999999999897,2
568,1,1.2237,0.1878,1
568,3,-0.6222000000000063,6.4141999999999895,2
568,6,-0.19070000000000564,2.8839999999999897,2
568,6,-0.2668000000000057,2.9185999999999894,2
569,1,1.241,0.1896,1
569,3,-0.6404000000000063,6.39579999999999,2
569,6,-0.22370000000000556,2.8980999999999897,2
570,1,1.2609,0.1916,1
570,3,-0.6568000000000063,6.378399999999989,2
570,6,-0.18950000000000555,2.8820999999999897,2
571,1,1.2821,0.1935,1
571,3,-0.6715000000000062,6.36319999999999,2
571,6,-0.16230000000000566,2.8694999999999897,2
572,1,1.3037,0.1952,1
572,3,-0.6858000000000064,6.34739999999999,2
572,6,-0.14010000000000566,2.8590999999999895,2
573,1,1.3241,0.1965,1
573,3,-0.6974000000000062,6.32909999999999,2
573,6,-0.12240000000000562,2.8512999999999895,2
574,1,1.3438,0.1974,1
574,3,-0.7092000000000063,6.31219999999999,2
574,6,-0.1073000000000055,2.8451999999999895,2
575,1,1.3635,0.1983,1
575,3,-0.7247000000000063,6.3013999999999895,2
575,6,-0.09470000000000534,2.8407999999999896,2
576,1,1.3827,0.1989,1
576,3,-0.7470000000000063,6.29789999999999,2
576,6,-0.08470000000000555,2.8374999999999897,2
577,1,1.4014,0.1994,1
577,3,-0.7736000000000063,6.30069999999999,2
577,6,-0.07660000000000577,2.8351999999999897,2
578,1,1.4189,0.1998,1
578,3,-0.7995000000000063,6.304099999999989,2
578,6,-0.06960000000000566,2.8333999999999895,2
579,1,1.4357,0.1999,1
579,3,-0.8199000000000063,6.300299999999989,2
579,6,-0.06360000000000543,2.8319999999999896,2
580,1,1.4519,0.1997,1
580,3,-0.8354000000000064,6.29029999999999,2
580,6,-0.057900000000005836,2.8302999999999896,2
581,1,1.4677,0.1994,1
581,3,-0.8510000000000062,6.28239999999999,2
581,6,-0.0529000000000055,2.8285999999999896,2
581,4,1.5360999999999945,3.46939999999999,2
582,1,1.482,0.1987,1
582,3,-0.8657000000000064,6.27499999999999,2
582,6,-0.04880000000000573,2.8273999999999897,2
582,4,1.5361999999999942,3.46959999999999,2
583,1,1.495,0.198,1
583,3,-0.8781000000000063,6.26429999999999,2
583,6,-0.04510000000000547,2.8262999999999896,2
584,1,1.5064,0.1967,1
584,3,-0.8898000000000064,6.25209999999999,2
584,6,-0.0421000000000058,2.82559999999999,2
584,4,1.5363999999999942,3.4696999999999902,2
585,1,1.5156,0.1946,1
585,3,-0.9014000000000062,6.23839999999999,2
585,6,-0.04020000000000579,2.8249999999999895,2
585,4,1.5365999999999942,3.46999999999999,2
586,1,1.5238,0.1917,1
586,3,-0.9126000000000063,6.22449999999999,2
586,6,-0.03940000000000543,2.82429999999999,2
586,4,1.5366999999999944,3.47009999999999,2
587,1,1.5306,0.1883,1
587,3,-0.9268000000000063,6.214899999999989,2
587,6,-0.0388000000000055,2.8232999999999895,2
587,4,1.5371999999999946,3.47079999999999,2
588,1,1.536,0.1848,1
588,3,-0.9423000000000064,6.20759999999999,2
588,6,-0.038000000000005585,2.82259999999999,2
588,4,1.5377999999999945,3.47169999999999,2
589,1,1.54,0.1817,1
589,3,-0.9611000000000063,6.2060999999999895,2
589,6,-0.03720000000000567,2.8220999999999896,2
589,4,1.5382999999999942,3.47229999999999,2
590,1,1.5432,0.1786,1
590,3,-0.9823000000000064,6.208199999999989,2
590,6,-0.036000000000005805,2.8201999999999896,2
590,4,1.5386999999999942,3.47269999999999,2
591,1,1.546,0.1753,1
591,3,-1.0027000000000064,6.21059999999999,2
591,6,-0.03500000000000547,2.8189999999999897,2
591,4,1.5390999999999946,3.47319999999999,2
592,1,1.5483,0.1718,1
592,3,-1.0161000000000062,6.20529999999999,2
592,6,-0.033500000000005414,2.8171999999999895,2
592,4,1.5394999999999945,3.4736999999999902,2
593,1,1.55,0.1687,1
593,3,-1.0270000000000064,6.19779999999999,2
593,6,-0.0320000000000058,2.8154999999999895,2
593,4,1.5396999999999945,3.47379999999999,2
594,1,1.551,0.1656,1
594,3,-1.0401000000000062,6.19479999999999,2
594,6,-0.032300000000005546,2.8149999999999897,2
594,4,1.5399999999999943,3.47399999999999,2
595,1,1.5519,0.1632,1
595,3,-1.0546000000000062,6.19499999999999,2
595,6,-0.03310000000000546,2.8150999999999895,2
595,4,1.5399999999999943,3.47399999999999,2
596,1,1.5527,0.1616,1
596,3,-1.0674000000000063,6.19349999999999,2
596,6,-0.03320000000000567,2.8153999999999897,2
596,4,1.5400999999999945,3.47399999999999,2
597,1,1.5533,0.1607,1
597,3,-1.0875000000000064,6.20389999999999,2
597,6,-0.03420000000000556,2.8159999999999896,2
597,4,1.5402999999999945,3.47429999999999,2
598,1,1.5536,0.1605,1
598,3,-1.1051000000000064,6.21079999999999,2
598,6,-0.03540000000000543,2.8168999999999897,2
598,4,1.5405999999999942,3.47469999999999,2
599,1,1.5556,0.1606,1
599,3,-1.1207000000000062,6.21139999999999,2
599,6,-0.03730000000000544,2.81759999999999,2
599,4,1.5407999999999942,3.47489999999999,2
600,1,1.5623,0.1615,1
600,3,-1.1350000000000064,6.21009999999999,2
600,6,-0.03840000000000554,2.8180999999999896,2
600,4,1.5408999999999944,3.47499999999999,2
601,1,1.5749,0.1635,1
601,3,-1.1473000000000062,6.211199999999989,2
601,6,-0.03790000000000582,2.81839999999999,2
601,4,1.5409999999999942,3.47509999999999,2
602,1,1.5931,0.166,1
602,3,-1.1601000000000063,6.20319999999999,2
602,6,-0.03640000000000576,2.8182999999999896,2
602,4,1.5410999999999944,3.47519999999999,2
603,1,1.6148,0.1684,1
603,3,-1.1751000000000063,6.19419999999999,2
603,6,-0.03450000000000575,2.8182999999999896,2
604,1,1.6389,0.1709,1
604,3,-1.1908000000000063,6.186999999999989,2
604,6,-0.032800000000005713,2.81839999999999,2
605,1,1.6639,0.1733,1
605,3,-1.2078000000000064,6.181799999999989,2
605,6,-0.031600000000005846,2.8187999999999898,2
605,4,1.5413999999999946,3.47549999999999,2
606,1,1.6895,0.1757,1
606,3,-1.2222000000000062,6.175599999999989,2
606,6,-0.030700000000005723,2.8188999999999895,2
606,4,1.5414999999999943,3.47569999999999,2
607,1,1.7144,0.1778,1
607,3,-1.2337000000000065,6.167899999999989,2
607,6,-0.02950000000000541,2.8188999999999895,2
607,4,1.5417999999999945,3.47599999999999,2
608,1,1.7389,0.1797,1
608,3,-1.2433000000000063,6.15989999999999,2
608,6,-0.028000000000005798,2.81859999999999,2
608,4,1.5420999999999943,3.47629999999999,2
609,1,1.7626,0.1816,1
609,3,-1.2513000000000063,6.151899999999989,2
609,6,-0.026900000000005697,2.8182999999999896,2
609,4,1.5419999999999945,3.47619999999999,2
610,1,1.7844,0.1837,1
610,3,-1.2578000000000062,6.142599999999989,2
610,6,-0.026300000000005763,2.81799999999999,2
610,4,1.5419999999999945,3.47609999999999,2
611,1,1.8051,0.1861,1
611,3,-1.2650000000000063,6.133499999999989,2
611,6,-0.026300000000005763,2.8174999999999897,2
611,4,1.5420999999999943,3.47619999999999,2
612,1,1.8252,0.1886,1
612,3,-1.2704000000000062,6.121999999999989,2
612,6,-0.026300000000005763,2.8165999999999896,2
612,4,1.5421999999999945,3.47629999999999,2
613,1,1.8436,0.191,1
613,3,-1.2777000000000063,6.106699999999989,2
613,6,-0.02640000000000553,2.81569999999999,2
613,4,1.5420999999999943,3.47619999999999,2
614,1,1.8589,0.193,1
614,3,-1.2889000000000062,6.090099999999989,2
614,6,-0.025900000000005807,2.8144999999999896,2
615,1,1.8712,0.1946,1
615,3,-1.3025000000000064,6.0757999999999885,2
615,6,-0.024800000000005706,2.8134999999999897,2
615,4,1.5422999999999942,3.47649999999999,2
616,1,1.8809,0.1959,1
616,3,-1.3185000000000064,6.066599999999989,2
616,6,-0.023500000000005627,2.8127999999999895,2
616,4,1.5424999999999942,3.47669999999999,2
617,1,1.8887,0.1969,1
617,3,-1.3331000000000062,6.055799999999989,2
617,6,-0.02220000000000555,2.8121999999999896,2
617,4,1.5426999999999942,3.47689999999999,2
618,1,1.8947,0.1976,1
618,3,-1.3450000000000064,6.043099999999989,2
618,6,-0.02090000000000547,2.8116999999999894,2
618,4,1.5429999999999944,3.47739999999999,2
619,1,1.8993,0.1981,1
619,3,-1.3575000000000061,6.0349999999999895,2
619,6,-0.019800000000005813,2.8111999999999897,2
619,4,1.5435999999999943,3.47819999999999,2
620,1,1.903,0.1983,1
620,3,-1.3706000000000063,6.031999999999989,2
620,6,-0.018500000000005734,2.8108999999999895,2
621,1,1.9059,0.1986,1
621,3,-1.3833000000000064,6.032199999999989,2
621,6,-0.017300000000005422,2.8105999999999898,2
622,1,1.9082,0.1988,1
622,3,-1.3929000000000062,6.031699999999989,2
622,6,-0.016200000000005765,2.8100999999999896,2
623,1,1.9098,0.1989,1
623,3,-1.4016000000000064,6.033099999999989,2
623,6,-0.015100000000005664,2.8098999999999896,2
624,1,1.911,0.199,1
624,3,-1.4092000000000064,6.035299999999989,2
624,6,-0.014600000000005497,2.80959999999999,2
624,4,1.5439999999999943,3.47889999999999,2
625,1,1.9116,0.199,1
625,3,-1.4164000000000063,6.038199999999989,2
625,6,-0.013800000000005586,2.8094999999999897,2
626,1,1.9115,0.1988,1
626,3,-1.4213000000000062,6.038599999999989,2
626,6,-0.012800000000005696,2.8092999999999897,2
626,4,1.5452999999999943,3.48069999999999,2
627,1,1.9112,0.1986,1
627,3,-1.4225000000000063,6.033599999999989,2
627,6,-0.011700000000005595,2.8088999999999897,2
628,1,1.911,0.1985,1
628,3,-1.4213000000000062,6.02649999999999,2
628,6,-0.010700000000005705,2.8081999999999896,2
628,4,1.5460999999999943,3.4818999999999902,2
629,1,1.9112,0.1986,1
629,3,-1.4190000000000063,6.018799999999989,2
629,6,-0.010200000000005538,2.8074999999999894,2
629,4,1.5469999999999944,3.48329999999999,2
630,1,1.9108,0.1985,1
630,3,-1.4148000000000063,6.00979999999999,2
630,6,-0.009500000000005837,2.8071999999999897,2
630,4,1.5479999999999943,3.48469999999999,2
631,1,1.9115,0.1985,1
631,3,-1.4118000000000062,6.000999999999989,2
631,6,-0.009200000000005648,2.8065999999999898,2
631,4,1.5488999999999944,3.4856999999999903,2
632,1,1.9182,0.1996,1
632,3,-1.4100000000000064,5.991399999999989,2
632,6,-0.008700000000005481,2.8060999999999896,2
632,4,1.5497999999999945,3.48689999999999,2
633,1,1.9296,0.2019,1
633,3,-1.4090000000000062,5.981199999999989,2
633,6,-0.00790000000000557,2.8055999999999894,2
633,4,1.5502999999999942,3.4873999999999903,2
634,1,1.945,0.2049,1
634,3,-1.4083000000000063,5.971999999999989,2
634,6,-0.006700000000005701,2.80539999999999,2
634,4,1.5513999999999943,3.48889999999999,2
635,1,1.9636,0.2084,1
635,3,-1.4066000000000063,5.96399999999999,2
635,6,-0.0058000000000055785,2.8049999999999895,2
635,4,1.5526999999999944,3.49059999999999,2
636,1,1.9859,0.2124,1
636,3,-1.4056000000000064,5.957699999999989,2
636,6,-0.0049000000000054555,2.8048999999999897,2
636,4,1.5537999999999945,3.49209999999999,2
637,1,2.0101,0.2167,1
637,3,-1.4070000000000062,5.954499999999989,2
637,6,-0.0037000000000055877,2.8047999999999895,2
637,4,1.5546999999999942,3.4934999999999903,2
638,1,2.0357,0.2212,1
638,3,-1.4070000000000062,5.950699999999989,2
638,6,-0.00250000000000572,2.8046999999999898,2
638,4,1.5556999999999945,3.49489999999999,2
639,1,2.0594,0.2254,1
639,6,-0.001200000000005641,2.8046999999999898,2
639,4,1.5564999999999944,3.49619999999999,2
640,1,2.0808,0.2291,1
640,6,-0.0001000000000055401,2.8050999999999897,2
640,4,1.5570999999999944,3.49719999999999,2
641,1,2.0996,0.2323,1
641,6,0.0008999999999943498,2.80539999999999,2
641,4,1.5579999999999945,3.49839999999999,2
642,1,2.1162,0.2347,1
642,6,0.0018999999999942396,2.8055999999999894,2
642,4,1.5584999999999942,3.49929999999999,2
643,1,2.1307,0.2352,1
643,6,0.0028999999999945736,2.8051999999999895,2
643,4,1.5589999999999944,3.50009999999999,2
644,1,2.1421,0.2366,1
644,6,0.0019999999999944507,2.8039999999999896,2
644,4,1.5593999999999943,3.50079999999999,2
644,3,-1.4255000000000062,5.9602999999999895,2
645,1,2.1508,0.2381,1
645,6,0.0010999999999943277,2.8026999999999895,2
645,4,1.5601999999999943,3.50179999999999,2
646,1,2.158,0.2395,1
646,6,0.0024999999999941735,2.8022999999999896,2
646,4,1.5604999999999944,3.50229999999999,2
647,1,2.1638,0.2354,1
647,6,0.0037999999999942524,2.80239999999999,2
647,4,1.5609999999999942,3.50299999999999,2
648,1,2.1684,0.2352,1
648,6,0.005099999999994331,2.8024999999999896,2
648,4,1.5612999999999944,3.50339999999999,2
649,1,2.1725,0.2344,1
649,6,0.006199999999994432,2.8020999999999896,2
649,4,1.5611999999999941,3.50339999999999,2
650,1,2.1757,0.2296,1
650,6,0.007099999999994555,2.8018999999999896,2
650,4,1.5612999999999944,3.50349999999999,2
651,1,2.1771,0.2283,1
651,6,0.007299999999994533,2.8012999999999897,2
651,4,1.5612999999999944,3.50349999999999,2
652,1,2.1756,0.2259,1
652,6,0.007799999999994256,2.8007999999999895,2
652,4,1.5614999999999943,3.5037999999999903,2
653,1,2.1716,0.2202,1
653,6,0.008499999999994401,2.80029999999999,2
653,4,1.5617999999999945,3.50419999999999,2
654,1,2.1713,0.2132,1
654,6,0.00879999999999459,2.7997999999999896,2
654,4,1.5619999999999945,3.50439999999999,2
655,1,2.1684,0.2061,1
655,6,0.008899999999994357,2.79949999999999,2
655,4,1.5625999999999944,3.50509999999999,2
656,1,2.1696,0.2044,1
656,6,0.009399999999994524,2.7991999999999897,2
656,4,1.5628999999999942,3.50549999999999,2
657,1,2.172,0.2064,1
657,6,0.010199999999994436,2.7987999999999897,2
657,4,1.5631999999999944,3.50579999999999,2
658,1,2.1746,0.2031,1
658,6,0.010699999999994159,2.7982999999999896,2
658,4,1.5632999999999946,3.5058999999999902,2
659,1,2.1761,0.1973,1
659,6,0.011199999999994326,2.79779999999999,2
659,4,1.5631999999999944,3.50579999999999,2
660,1,2.1772,0.1908,1
660,6,0.01179999999999426,2.79739999999999,2
660,4,1.5633999999999943,3.50599999999999,2
661,1,2.1784,0.1864,1
661,6,0.012099999999994449,2.7967999999999895,2
661,4,1.5636999999999945,3.50649999999999,2
662,1,2.1795,0.1806,1
662,6,0.012499999999994404,2.7961999999999896,2
662,4,1.5641999999999943,3.50709999999999,2
663,1,2.1811,0.1795,1
663,6,0.012999999999994571,2.7953999999999897,2
663,4,1.5647999999999942,3.50789999999999,2
664,1,2.1823,0.1752,1
664,6,0.013499999999994294,2.79469999999999,2
664,4,1.5652999999999944,3.50849999999999,2
665,1,2.1832,0.1715,1
665,6,0.014399999999994417,2.79419999999999,2
665,4,1.5658999999999943,3.50939999999999,2
666,1,2.1839,0.1687,1
666,6,0.014999999999994351,2.7938999999999896,2
666,4,1.5666999999999942,3.51049999999999,2
667,1,2.1845,0.1663,1
667,6,0.015799999999994263,2.79379999999999,2
667,4,1.5672999999999946,3.51129999999999,2
668,1,2.185,0.1647,1
668,6,0.016099999999994452,2.79399999999999,2
668,4,1.5675999999999943,3.5117999999999903,2
669,1,2.1854,0.1636,1
669,6,0.01619999999999422,2.7942999999999896,2
669,4,1.5678999999999945,3.51219999999999,2
670,1,2.1858,0.1627,1
670,6,0.01629999999999443,2.79469999999999,2
670,4,1.5680999999999945,3.51249999999999,2
671,1,2.1861,0.1619,1
671,6,0.016099999999994452,2.7952999999999895,2
671,4,1.5682999999999945,3.51279999999999,2
672,6,0.015799999999994263,2.7957999999999896,2
672,4,1.5681999999999943,3.51269999999999,2
673,1,2.1865,0.1615,1
673,6,0.01529999999999454,2.7961999999999896,2
673,4,1.5680999999999945,3.51259999999999,2
674,1,2.1868,0.1611,1
674,6,0.014999999999994351,2.7961999999999896,2
674,4,1.5679999999999943,3.51229999999999,2
675,1,2.187,0.1607,1
675,6,0.014999999999994351,2.79609999999999,2
675,4,1.5676999999999945,3.51189999999999,2
676,1,2.1872,0.1603,1
676,6,0.014699999999994162,2.7959999999999896,2
676,4,1.5670999999999942,3.51109999999999,2
677,1,2.1873,0.1597,1
677,6,0.014599999999994395,2.79589999999999,2
677,4,1.5667999999999944,3.51069999999999,2
678,1,2.1874,0.1588,1
678,6,0.014499999999994184,2.79549999999999,2
678,4,1.5667999999999944,3.51059999999999,2
679,1,2.1875,0.1576,1
679,6,0.014599999999994395,2.7953999999999897,2
679,4,1.5668999999999942,3.51079999999999,2
680,1,2.1875,0.1559,1
680,6,0.014299999999994206,2.7948999999999895,2
680,4,1.5671999999999944,3.51099999999999,2
681,1,2.1876,0.154,1
681,6,0.014299999999994206,2.7942999999999896,2
681,4,1.5672999999999946,3.51109999999999,2
682,1,2.1876,0.1519,1
682,6,0.01419999999999444,2.7936999999999896,2
682,4,1.5673999999999944,3.51109999999999,2
683,1,2.1876,0.1494,1
683,6,0.014399999999994417,2.7933999999999894,2
683,4,1.5677999999999943,3.51169999999999,2
684,1,2.1876,0.1469,1
684,6,0.014499999999994184,2.7933999999999894,2
684,4,1.5679999999999943,3.5119999999999902,2
685,6,0.014899999999994584,2.7933999999999894,2
685,4,1.5684999999999945,3.51269999999999,2
686,6,0.015599999999994285,2.7933999999999894,2
686,4,1.5691999999999942,3.51359999999999,2
687,6,0.016399999999994197,2.79319999999999,2
687,4,1.5697999999999945,3.51439999999999,2
688,6,0.016799999999994153,2.7929999999999895,2
688,4,1.5702999999999943,3.51509999999999,2
689,6,0.01729999999999432,2.79229999999999,2
689,4,1.5708999999999942,3.51589999999999,2
690,6,0.017999999999994465,2.79169999999999,2
690,4,1.5713999999999944,3.51659999999999,2
691,6,0.0185999999999944,2.7913999999999897,2
691,4,1.5717999999999943,3.51709999999999,2
692,6,0.019299999999994544,2.79129999999999,2
692,4,1.5722999999999945,3.51769999999999,2
693,6,0.020299999999994434,2.79149999999999,2
693,4,1.5725999999999942,3.5180999999999902,2
694,6,0.020799999999994156,2.7917999999999896,2
694,4,1.5734999999999943,3.51929999999999,2
695,6,0.0214999999999943,2.7921999999999896,2
695,4,1.5743999999999945,3.52059999999999,2
696,6,0.021299999999994323,2.7924999999999898,2
696,4,1.5750999999999942,3.52159999999999,2
697,6,0.020799999999994156,2.79279999999999,2
697,4,1.5763999999999943,3.52339999999999,2
698,6,0.019999999999994245,2.79319999999999,2
698,4,1.5772999999999944,3.52469999999999,2
699,6,0.019299999999994544,2.7933999999999894,2
699,4,1.5782999999999943,3.52599999999999,2
700,6,0.019199999999994333,2.7932999999999897,2
700,4,1.5793999999999944,3.52749999999999,2
701,6,0.0196999999999945,2.79319999999999,2
701,4,1.5803999999999943,3.52889999999999,2
702,6,0.020299999999994434,2.7928999999999897,2
702,4,1.5812999999999944,3.5300999999999902,2
703,6,0.020799999999994156,2.79279999999999,2
703,4,1.5822999999999943,3.53129999999999,2
704,6,0.021199999999994557,2.7928999999999897,2
704,4,1.5824999999999942,3.53169999999999,2
705,6,0.02179999999999449,2.7928999999999897,2
705,4,1.5828999999999942,3.53229999999999,2
706,6,0.022599999999994402,2.7928999999999897,2
706,4,1.5832999999999942,3.53279999999999,2
707,6,0.023499999999994525,2.79279999999999,2
707,4,1.5836999999999946,3.53339999999999,2
708,6,0.024499999999994415,2.7923999999999896,2
708,4,1.5841999999999943,3.53399999999999,2
709,6,0.025299999999994327,2.79209999999999,2
709,4,1.5847999999999942,3.53479999999999,2
710,6,0.025399999999994538,2.79189999999999,2
710,4,1.5851999999999942,3.53549999999999,2
711,6,0.02509999999999435,2.7919999999999896,2
711,4,1.5854999999999944,3.53589999999999,2
712,6,0.024599999999994182,2.7921999999999896,2
712,4,1.5857999999999945,3.53629999999999,2
713,6,0.024299999999994437,2.79229999999999,2
713,4,1.5861999999999945,3.53679999999999,2
714,6,0.02409999999999446,2.7923999999999896,2
714,4,1.5865999999999945,3.53739999999999,2
715,6,0.024199999999994226,2.7924999999999898,2
715,4,1.5870999999999942,3.53799999999999,2
716,6,0.024399999999994204,2.7924999999999898,2
716,4,1.5875999999999943,3.53869999999999,2
717,6,0.024399999999994204,2.7923999999999896,2
717,4,1.5877999999999943,3.53889999999999,2
718,6,0.024199999999994226,2.7921999999999896,2
718,4,1.5881999999999943,3.53939999999999,2
719,6,0.024199999999994226,2.7919999999999896,2
719,4,1.5881999999999943,3.53929999999999,2
720,6,0.023499999999994525,2.7915999999999896,2
720,4,1.5880999999999945,3.53919999999999,2
721,6,0.022199999999994446,2.7913999999999897,2
721,4,1.5876999999999946,3.53869999999999,2
722,6,0.021399999999994535,2.7913999999999897,2
722,4,1.5872999999999942,3.53819999999999,2
723,6,0.020199999999994223,2.7909999999999897,2
723,4,1.5872999999999942,3.5382999999999902,2
724,6,0.019199999999994333,2.79049999999999,2
724,4,1.5878999999999945,3.53909999999999,2
725,6,0.0185999999999944,2.7903999999999898,2
725,4,1.5882999999999945,3.53959999999999,2
1211,2,2.1889,0.2998,1
1212,2,2.1889,0.2997,1
1213,2,2.1889,0.2995,1
1214,2,2.1888,0.2993,1
1215,2,2.1888,0.299,1
1216,2,2.1888,0.2987,1
1217,2,2.1888,0.2983,1
1218,2,2.1888,0.298,1
1219,2,2.1887,0.2975,1
1220,2,2.1887,0.297,1
1221,2,2.1886,0.2964,1
1222,2,2.1886,0.296,1
1223,2,2.1885,0.2958,1
1224,2,2.1885,0.2956,1
1225,2,2.1884,0.2953,1
1226,2,2.1883,0.295,1
1227,2,2.1882,0.2947,1
1228,2,2.188,0.2944,1
1229,2,2.1879,0.2941,1
1230,2,2.1879,0.2941,1
1231,2,2.1879,0.2939,1
1232,2,2.1879,0.2938,1
1233,2,2.1878,0.2938,1
1234,2,2.1878,0.2939,1
1235,2,2.1878,0.2938,1
1236,2,2.1879,0.2938,1
1237,2,2.1879,0.2938,1
1238,2,2.1879,0.2939,1
1239,2,2.1877,0.294,1
1240,2,2.1876,0.294,1
1241,2,2.1874,0.294,1
1242,2,2.1871,0.294,1
1243,2,2.1867,0.294,1
1244,2,2.1862,0.2939,1
1245,2,2.1858,0.2937,1
1246,2,2.1855,0.2934,1
1247,2,2.1849,0.293,1
1248,2,2.1843,0.2925,1
1249,2,2.1839,0.292,1
1250,2,2.1808,0.2909,1
1251,2,2.1806,0.2902,1
1252,2,2.1814,0.2895,1
1253,2,2.1824,0.2887,1
1254,2,2.1834,0.2879,1
1255,2,2.1842,0.287,1
1256,2,2.1848,0.2859,1
1257,2,2.1853,0.2849,1
1258,2,2.1858,0.2838,1
1259,2,2.1862,0.2828,1
1260,2,2.1866,0.282,1
1261,2,2.1869,0.2812,1
1262,2,2.1871,0.2804,1
1263,2,2.1849,0.2794,1
1264,2,2.181,0.2784,1
1265,2,2.1748,0.2773,1
1266,2,2.1679,0.2767,1
1267,2,2.1613,0.2764,1
1268,2,2.1551,0.2762,1
1269,2,2.1481,0.2764,1
1270,2,2.1423,0.2767,1
1271,2,2.1372,0.2773,1
1272,2,2.1334,0.2781,1
1273,2,2.1303,0.2789,1
1274,2,2.1277,0.2799,1
1275,2,2.1248,0.2808,1
1276,2,2.1222,0.2806,1
1277,2,2.1207,0.2793,1
1278,2,2.1195,0.2777,1
1279,2,2.1184,0.2766,1
1280,2,2.1173,0.2764,1
1281,2,2.1163,0.2775,1
1282,2,2.1157,0.2791,1
1283,2,2.1154,0.2809,1
1284,2,2.1151,0.2831,1
1285,2,2.1144,0.2859,1
1286,2,2.1137,0.2889,1
1287,2,2.113,0.2922,1
1288,2,2.112,0.2963,1
1289,2,2.1104,0.3005,1
1290,2,2.1084,0.3051,1
1291,2,2.1064,0.3099,1
1292,2,2.1045,0.3148,1
1293,2,2.1031,0.3196,1
1294,2,2.1017,0.3243,1
1295,2,2.1,0.3291,1
1296,2,2.0979,0.3342,1
1297,2,2.0953,0.3391,1
1298,2,2.0927,0.3438,1
1299,2,2.0888,0.3481,1
1300,2,2.0839,0.352,1
1301,2,2.078,0.3558,1
1302,2,2.0719,0.3594,1
1303,2,2.0646,0.363,1
1304,2,2.0577,0.3666,1
1305,2,2.0499,0.3699,1
1306,2,2.0408,0.3729,1
1307,2,2.0296,0.3755,1
1308,2,2.0179,0.3779,1
1309,2,2.0056,0.3798,1
1310,2,1.9923,0.3814,1
1311,2,1.9773,0.3825,1
1312,2,1.9609,0.3834,1
1313,2,1.9431,0.3841,1
1314,2,1.924,0.3843,1
1315,2,1.9044,0.3841,1
1316,2,1.8862,0.3837,1
1317,2,1.8706,0.3835,1
1318,2,1.8578,0.3835,1
1319,2,1.8476,0.3835,1
1320,2,1.8395,0.3834,1
1321,2,1.8331,0.3835,1
1322,2,1.828,0.3836,1
1323,2,1.8242,0.3836,1
1324,2,1.8211,0.3837,1
1325,2,1.8189,0.3837,1
1326,2,1.8171,0.3837,1
1327,2,1.8158,0.3838,1
1328,2,1.8149,0.3839,1
1329,2,1.8141,0.3839,1
1330,2,1.8135,0.3839,1
1331,2,1.8131,0.3837,1
1332,2,1.8127,0.3834,1
1333,2,1.8121,0.3827,1
1334,2,1.8105,0.3817,1
1335,2,1.8082,0.3804,1
1336,2,1.8042,0.3788,1
1337,2,1.7993,0.3771,1
1338,2,1.7938,0.3752,1
1339,2,1.7872,0.3732,1
1340,2,1.7798,0.3712,1
1341,2,1.7701,0.3687,1
1342,2,1.7601,0.3664,1
1343,2,1.7497,0.3641,1
1344,2,1.7397,0.3623,1
1345,2,1.7293,0.3606,1
1346,2,1.7133,0.3582,1
1347,2,1.6947,0.3552,1
1348,2,1.674,0.3517,1
1349,2,1.6523,0.3484,1
1350,2,1.6299,0.3449,1
1351,2,1.6071,0.3416,1
1352,2,1.5864,0.339,1
1353,2,1.5672,0.3367,1
1354,2,1.551,0.3349,1
1355,2,1.5373,0.3335,1
1356,2,1.526,0.3327,1
1357,2,1.517,0.3322,1
1358,2,1.5092,0.3323,1
1359,2,1.5029,0.3328,1
1360,2,1.4977,0.3337,1
1361,2,1.4933,0.3349,1
1362,2,1.4899,0.3364,1
1363,2,1.4872,0.3384,1
1364,2,1.4847,0.3405,1
1365,2,1.4828,0.3429,1
1366,2,1.481,0.3454,1
1367,2,1.4799,0.3484,1
1368,2,1.4785,0.3515,1
1369,2,1.4767,0.3548,1
1370,2,1.4742,0.3583,1
1371,2,1.4713,0.3616,1
1372,2,1.4683,0.3649,1
1373,2,1.4649,0.3682,1
1374,2,1.4607,0.3715,1
1375,2,1.4544,0.3747,1
1376,2,1.4467,0.3781,1
1377,2,1.4399,0.3817,1
1378,2,1.4339,0.3852,1
1379,2,1.4282,0.3888,1
1380,2,1.4207,0.3921,1
1381,2,1.4083,0.3949,1
1382,2,1.3938,0.3974,1
1383,2,1.3772,0.3998,1
1384,2,1.3586,0.4017,1
1385,2,1.3386,0.4035,1
1386,2,1.3175,0.4048,1
1387,2,1.2983,0.4062,1
1388,2,1.2798,0.4073,1
1389,2,1.2598,0.4083,1
1390,2,1.2406,0.4092,1
1391,2,1.2234,0.4103,1
1392,2,1.2098,0.4114,1
1393,2,1.198,0.4123,1
1394,2,1.188,0.4131,1
1395,2,1.1798,0.414,1
1396,2,1.1729,0.4149,1
1397,2,1.1674,0.4158,1
1398,2,1.1632,0.4168,1
1399,2,1.16,0.4178,1
1400,2,1.1578,0.419,1
1401,2,1.1561,0.4202,1
1402,2,1.1544,0.4215,1
1403,2,1.1532,0.4229,1
1404,2,1.1519,0.4242,1
1405,2,1.1502,0.4252,1
1406,2,1.1481,0.4262,1
1407,2,1.146,0.4271,1
1408,2,1.1439,0.4282,1
1409,2,1.1415,0.4293,1
1410,2,1.1385,0.4302,1
1411,2,1.1342,0.4311,1
1412,2,1.1291,0.4319,1
1413,2,1.1235,0.433,1
1414,2,1.1183,0.4343,1
1415,2,1.1131,0.4353,1
1416,2,1.108,0.4363,1
1417,2,1.1023,0.4369,1
1418,2,1.0948,0.4373,1
1419,2,1.0855,0.4376,1
1420,2,1.075,0.4379,1
1421,2,1.0611,0.438,1
1422,2,1.0441,0.4376,1
1423,2,1.024,0.4371,1
1424,2,1.0011,0.4363,1
1425,2,0.9772,0.4355,1
1426,2,0.9531,0.4347,1
1427,2,0.931,0.4341,1
1428,2,0.9129,0.4338,1
1429,2,0.8966,0.4334,1
1430,2,0.8818,0.4328,1
1431,2,0.8689,0.4323,1
1432,2,0.8579,0.4319,1
1433,2,0.8485,0.4316,1
1434,2,0.8406,0.4314,1
1435,2,0.8343,0.4314,1
1436,2,0.8291,0.4314,1
1437,2,0.8249,0.4313,1
1438,2,0.8215,0.4312,1
1439,2,0.8188,0.4313,1
1440,2,0.8169,0.4316,1
1441,2,0.816,0.4322,1
1442,2,0.8155,0.4328,1
1443,2,0.8155,0.4334,1
1444,2,0.8156,0.4341,1
1445,2,0.8157,0.4347,1
1446,2,0.8159,0.4355,1
1447,2,0.816,0.4361,1
1448,2,0.8159,0.4375,1
1449,2,0.8152,0.4392,1
1450,2,0.8142,0.4414,1
1451,2,0.8127,0.4438,1
1452,2,0.8108,0.4466,1
1453,2,0.808,0.4498,1
1454,2,0.8044,0.4533,1
1455,2,0.8009,0.4576,1
1456,2,0.7968,0.4621,1
1457,2,0.7926,0.4665,1
1458,2,0.7878,0.4708,1
1459,2,0.7822,0.4755,1
1460,2,0.7768,0.48,1
1461,2,0.7721,0.4848,1
1462,2,0.7683,0.4886,1
1463,2,0.7662,0.492,1
1464,2,0.7645,0.4955,1
1465,2,0.7628,0.4987,1
1466,2,0.7615,0.5015,1
1467,2,0.7601,0.504,1
1468,2,0.7564,0.5059,1
1469,2,0.751,0.5073,1
1470,2,0.7428,0.5083,1
1471,2,0.733,0.5091,1
1472,2,0.7236,0.5097,1
1473,2,0.7126,0.5099,1
1474,2,0.7009,0.5101,1
1475,2,0.6872,0.5104,1
1476,2,0.6738,0.5106,1
1477,2,0.6607,0.5112,1
1478,2,0.6475,0.512,1
1479,2,0.6345,0.5128,1
1480,2,0.6218,0.5137,1
1481,2,0.6097,0.5145,1
1482,2,0.5984,0.5151,1
1483,2,0.5879,0.5157,1
1484,2,0.5782,0.5165,1
1485,2,0.5695,0.517,1
1486,2,0.5624,0.5173,1
1487,2,0.557,0.5176,1
1488,2,0.5529,0.5177,1
1489,2,0.5496,0.5177,1
1490,2,0.547,0.5175,1
1491,2,0.5448,0.5171,1
1492,2,0.5434,0.5173,1
1493,2,0.5429,0.5182,1
1494,2,0.543,0.5196,1
1495,2,0.5433,0.5212,1
1496,2,0.5437,0.5228,1
1497,2,0.5442,0.5244,1
1498,2,0.5447,0.5257,1
1499,2,0.5454,0.5273,1
1500,2,0.5462,0.529,1
1501,2,0.5476,0.5307,1
1502,2,0.5496,0.5315,1
1503,2,0.5527,0.5317,1
1504,2,0.5569,0.5317,1
1505,2,0.5621,0.5318,1
1506,2,0.5682,0.5323,1
1507,2,0.5752,0.5334,1
1508,2,0.5831,0.5353,1
1509,2,0.5923,0.538,1
1510,2,0.6036,0.5412,1
1511,2,0.6159,0.5439,1
1512,2,0.6299,0.5473,1
1513,2,0.6454,0.5504,1
1514,2,0.661,0.5529,1
